date,temp_anomaly_c,co2_ppm,co2_deseasonalized,ch4_ppb,n2o_ppb,tsi_wm2,year,co2,methane,nitrous_oxide,land_use_change_co2,cement_co2,coal_co2,oil_co2,gas_co2,total_ghg,energy_per_capita,population,gdp,month,time_since_1960,co2_growth_rate,co2_12mo_avg,ch4_growth_rate,ch4_12mo_avg,tsi_anomaly,volcanic_flag,total_anthropogenic_co2
1984-01,0.31,344.21,344.32,1639.135,316.3,74.8,1984,19457.25,6767.443,2177.692,6424.799,421.117,7586.115,8238.706,2972.027,34452.648,17174.082,4782175518.0,31982615792285.0,1,288,1.009999999999991,343.04749999999996,-0.3949999999999818,1633.6683333333333,-21.45794871794871,0,25642.763999999996
1984-02,0.14,344.92,344.39,1638.74,316.3,110.2,1984,19457.25,6767.443,2177.692,6424.799,421.117,7586.115,8238.706,2972.027,34452.648,17174.082,4782175518.0,31982615792285.0,2,289,0.7100000000000364,343.0075,-0.3949999999999818,1634.7325,13.942051282051295,0,25642.763999999996
1984-03,0.26,345.68,344.26,1638.82,316.3,116.7,1984,19457.25,6767.443,2177.692,6424.799,421.117,7586.115,8238.706,2972.027,34452.648,17174.082,4782175518.0,31982615792285.0,3,290,0.7599999999999909,342.9691666666667,0.07999999999992724,1635.8033333333335,20.442051282051295,0,25642.763999999996
1984-03,0.26,345.68,344.26,1640.86,316.3,116.7,1984,19457.25,6767.443,2177.692,6424.799,421.117,7586.115,8238.706,2972.027,34452.648,17174.082,4782175518.0,31982615792285.0,3,290,0.0,342.96250000000003,2.0399999999999636,1637.0441666666666,20.442051282051295,0,25642.763999999996
1984-04,0.05,347.37,344.75,1642.415,316.3,90.4,1984,19457.25,6767.443,2177.692,6424.799,421.117,7586.115,8238.706,2972.027,34452.648,17174.082,4782175518.0,31982615792285.0,4,291,1.6899999999999977,343.2166666666667,1.5550000000000637,1638.4145833333332,-5.857948717948702,0,25642.763999999996
1984-05,0.33,347.77,344.59,1643.97,316.3,96.9,1984,19457.25,6767.443,2177.692,6424.799,421.117,7586.115,8238.706,2972.027,34452.648,17174.082,4782175518.0,31982615792285.0,5,292,0.39999999999997726,343.655,1.5550000000000637,1639.9145833333332,0.6420512820512982,0,25642.763999999996
1984-05,0.33,347.77,344.59,1643.15,316.3,96.9,1984,19457.25,6767.443,2177.692,6424.799,421.117,7586.115,8238.706,2972.027,34452.648,17174.082,4782175518.0,31982615792285.0,5,292,0.0,344.26416666666665,-0.8199999999999363,1641.1729166666664,0.6420512820512982,0,25642.763999999996
1984-06,0.02,347.16,344.73,1639.74,316.3,65.1,1984,19457.25,6767.443,2177.692,6424.799,421.117,7586.115,8238.706,2972.027,34452.648,17174.082,4782175518.0,31982615792285.0,6,293,-0.6099999999999568,344.8225,-3.410000000000082,1641.2829166666668,-31.157948717948713,0,25642.763999999996
1984-07,0.19,345.79,345.02,1638.865,316.3,55.7,1984,19457.25,6767.443,2177.692,6424.799,421.117,7586.115,8238.706,2972.027,34452.648,17174.082,4782175518.0,31982615792285.0,7,294,-1.3700000000000045,345.2608333333333,-0.875,1641.05375,-40.557948717948705,0,25642.763999999996
1984-08,0.19,343.74,345.12,1637.99,316.3,35.0,1984,19457.25,6767.443,2177.692,6424.799,421.117,7586.115,8238.706,2972.027,34452.648,17174.082,4782175518.0,31982615792285.0,8,295,-2.0500000000000114,345.42333333333335,-0.875,1640.4854166666667,-61.25794871794871,0,25642.763999999996
1984-09,0.21,341.59,344.76,1641.69,316.3,22.6,1984,19457.25,6767.443,2177.692,6424.799,421.117,7586.115,8238.706,2972.027,34452.648,17174.082,4782175518.0,31982615792285.0,9,296,-2.150000000000034,345.4066666666667,3.7000000000000455,1640.4087499999998,-73.6579487179487,0,25642.763999999996
1984-09,0.21,341.59,344.76,1650.61,316.3,22.6,1984,19457.25,6767.443,2177.692,6424.799,421.117,7586.115,8238.706,2972.027,34452.648,17174.082,4782175518.0,31982615792285.0,9,296,0.0,345.2725,8.919999999999845,1641.3320833333335,-73.6579487179487,0,25642.763999999996
1984-10,0.13,341.86,345.19,1652.605,316.3,12.6,1984,19457.25,6767.443,2177.692,6424.799,421.117,7586.115,8238.706,2972.027,34452.648,17174.082,4782175518.0,31982615792285.0,10,297,0.27000000000003865,345.07666666666665,1.9950000000001182,1642.4545833333332,-83.65794871794871,0,25642.763999999996
1984-11,0.06,343.31,345.41,1654.6,316.3,26.5,1984,19457.25,6767.443,2177.692,6424.799,421.117,7586.115,8238.706,2972.027,34452.648,17174.082,4782175518.0,31982615792285.0,11,298,1.4499999999999886,344.94249999999994,1.9949999999998909,1643.77625,-69.75794871794871,0,25642.763999999996
1984-11,0.06,343.31,345.41,1653.79,316.3,26.5,1984,19457.25,6767.443,2177.692,6424.799,421.117,7586.115,8238.706,2972.027,34452.648,17174.082,4782175518.0,31982615792285.0,11,298,0.0,344.74499999999995,-0.8099999999999454,1645.02375,-69.75794871794871,0,25642.763999999996
1984-12,-0.05,345.0,345.88,1656.19,316.3,21.4,1984,19457.25,6767.443,2177.692,6424.799,421.117,7586.115,8238.706,2972.027,34452.648,17174.082,4782175518.0,31982615792285.0,12,299,1.6899999999999977,344.68833333333333,2.400000000000091,1646.3012500000002,-74.85794871794872,0,25642.763999999996
1985-01,0.22,345.48,345.59,1655.895,316.3,17.8,1985,20144.863,6857.225,2176.914,6787.743,425.741,8144.824,8247.613,3089.7,35584.656,17320.572,4868943457.0,31982615792285.0,1,300,0.4800000000000182,344.5308333333333,-0.29500000000007276,1647.4245833333334,-78.45794871794871,0,26695.621
1985-02,-0.04,346.41,345.92,1655.6,316.3,20.7,1985,20144.863,6857.225,2176.914,6787.743,425.741,8144.824,8247.613,3089.7,35584.656,17320.572,4868943457.0,31982615792285.0,2,301,0.9300000000000068,344.4175,-0.29500000000007276,1648.39375,-75.5579487179487,0,26695.621
1985-03,0.17,347.91,346.56,1652.25,316.3,16.9,1985,20144.863,6857.225,2176.914,6787.743,425.741,8144.824,8247.613,3089.7,35584.656,17320.572,4868943457.0,31982615792285.0,3,302,1.5,344.42916666666673,-3.349999999999909,1649.1520833333334,-79.35794871794872,0,26695.621
1985-03,0.17,347.91,346.56,1654.61,316.3,16.9,1985,20144.863,6857.225,2176.914,6787.743,425.741,8144.824,8247.613,3089.7,35584.656,17320.572,4868943457.0,31982615792285.0,3,302,0.0,344.4916666666666,2.3599999999999,1650.39125,-79.35794871794872,0,26695.621
1985-04,0.12,348.66,346.08,1656.4,316.3,20.4,1985,20144.863,6857.225,2176.914,6787.743,425.741,8144.824,8247.613,3089.7,35584.656,17320.572,4868943457.0,31982615792285.0,4,303,0.75,344.73083333333335,1.790000000000191,1651.8525,-75.85794871794872,0,26695.621
1985-05,0.14,349.28,346.12,1658.19,316.3,32.4,1985,20144.863,6857.225,2176.914,6787.743,425.741,8144.824,8247.613,3089.7,35584.656,17320.572,4868943457.0,31982615792285.0,5,304,0.6199999999999477,345.19250000000005,1.7899999999999636,1653.5358333333334,-63.85794871794871,0,26695.621
1985-05,0.14,349.28,346.12,1655.88,316.3,32.4,1985,20144.863,6857.225,2176.914,6787.743,425.741,8144.824,8247.613,3089.7,35584.656,17320.572,4868943457.0,31982615792285.0,5,304,0.0,345.8333333333333,-2.3099999999999454,1654.7183333333332,-63.85794871794871,0,26695.621
1985-06,0.15,348.65,346.23,1650.06,316.3,28.3,1985,20144.863,6857.225,2176.914,6787.743,425.741,8144.824,8247.613,3089.7,35584.656,17320.572,4868943457.0,31982615792285.0,6,305,-0.6299999999999955,346.4216666666666,-5.820000000000164,1654.6725,-67.95794871794871,0,26695.621
1985-07,0.04,346.9,346.08,1648.435,316.3,39.9,1985,20144.863,6857.225,2176.914,6787.743,425.741,8144.824,8247.613,3089.7,35584.656,17320.572,4868943457.0,31982615792285.0,7,306,-1.75,346.8416666666667,-1.625,1654.325,-56.35794871794871,0,26695.621
1985-08,0.16,345.26,346.57,1646.81,316.3,10.1,1985,20144.863,6857.225,2176.914,6787.743,425.741,8144.824,8247.613,3089.7,35584.656,17320.572,4868943457.0,31982615792285.0,8,307,-1.6399999999999864,347.00416666666666,-1.625,1653.6758333333335,-86.15794871794871,0,26695.621
1985-09,0.13,343.47,346.59,1652.24,316.3,4.3,1985,20144.863,6857.225,2176.914,6787.743,425.741,8144.824,8247.613,3089.7,35584.656,17320.572,4868943457.0,31982615792285.0,9,308,-1.7899999999999636,347.0175,5.430000000000064,1653.5466666666664,-91.95794871794871,0,26695.621
1985-09,0.13,343.47,346.59,1662.48,316.3,4.3,1985,20144.863,6857.225,2176.914,6787.743,425.741,8144.824,8247.613,3089.7,35584.656,17320.572,4868943457.0,31982615792285.0,9,308,0.0,346.89000000000004,10.240000000000009,1654.0708333333332,-91.95794871794871,0,26695.621
1985-10,0.11,343.35,346.6,1664.99,316.3,22.0,1985,20144.863,6857.225,2176.914,6787.743,425.741,8144.824,8247.613,3089.7,35584.656,17320.572,4868943457.0,31982615792285.0,10,309,-0.12000000000000455,346.71250000000003,2.509999999999991,1654.82875,-74.25794871794871,0,26695.621
1985-11,0.05,344.73,346.82,1667.5,316.3,17.9,1985,20144.863,6857.225,2176.914,6787.743,425.741,8144.824,8247.613,3089.7,35584.656,17320.572,4868943457.0,31982615792285.0,11,310,1.3799999999999955,346.5725,2.509999999999991,1655.8204166666667,-78.35794871794872,0,26695.621
1985-11,0.05,344.73,346.82,1666.81,316.3,17.9,1985,20144.863,6857.225,2176.914,6787.743,425.741,8144.824,8247.613,3089.7,35584.656,17320.572,4868943457.0,31982615792285.0,11,310,0.0,346.30750000000006,-0.6900000000000546,1657.0337499999998,-78.35794871794872,0,26695.621
1985-12,0.13,346.12,347.04,1666.05,316.3,15.8,1985,20144.863,6857.225,2176.914,6787.743,425.741,8144.824,8247.613,3089.7,35584.656,17320.572,4868943457.0,31982615792285.0,12,311,1.3899999999999864,346.1583333333333,-0.7599999999999909,1657.9870833333334,-80.45794871794871,0,26695.621
1986-01,0.26,346.78,346.82,1666.17,316.3,2.8,1986,20438.045,6942.08,2184.726,6943.316,441.784,8261.466,8490.594,3014.606,36097.883,17385.945,4958072839.0,31982615792285.0,1,312,0.6599999999999682,346.0016666666667,0.12000000000011823,1658.8012499999998,-93.45794871794871,0,27151.765999999996
1986-02,0.37,347.48,346.98,1666.29,316.3,27.9,1986,20438.045,6942.08,2184.726,6943.316,441.784,8261.466,8490.594,3014.606,36097.883,17385.945,4958072839.0,31982615792285.0,2,313,0.7000000000000455,345.8516666666667,0.11999999999989086,1659.47625,-68.35794871794872,0,27151.765999999996
1986-03,0.3,348.25,346.93,1666.93,316.3,13.8,1986,20438.045,6942.08,2184.726,6943.316,441.784,8261.466,8490.594,3014.606,36097.883,17385.945,4958072839.0,31982615792285.0,3,314,0.7699999999999818,345.7658333333334,0.6400000000001,1660.3970833333333,-82.45794871794871,0,27151.765999999996
1986-03,0.3,348.25,346.93,1669.26,316.3,13.8,1986,20438.045,6942.08,2184.726,6943.316,441.784,8261.466,8490.594,3014.606,36097.883,17385.945,4958072839.0,31982615792285.0,3,314,0.0,345.7325,2.3299999999999272,1661.9970833333334,-82.45794871794871,0,27151.765999999996
1986-04,0.22,349.86,347.29,1670.03,316.3,22.4,1986,20438.045,6942.08,2184.726,6943.316,441.784,8261.466,8490.594,3014.606,36097.883,17385.945,4958072839.0,31982615792285.0,4,315,1.6100000000000136,345.9791666666667,0.7699999999999818,1663.7966666666669,-73.85794871794872,0,27151.765999999996
1986-05,0.21,350.52,347.42,1670.8,316.3,16.1,1986,20438.045,6942.08,2184.726,6943.316,441.784,8261.466,8490.594,3014.606,36097.883,17385.945,4958072839.0,31982615792285.0,5,316,0.6599999999999682,346.4175,0.7699999999999818,1665.7958333333333,-80.1579487179487,0,27151.765999999996
1986-05,0.21,350.52,347.42,1668.45,316.3,16.1,1986,20438.045,6942.08,2184.726,6943.316,441.784,8261.466,8490.594,3014.606,36097.883,17385.945,4958072839.0,31982615792285.0,5,316,0.0,347.00499999999994,-2.349999999999909,1667.1466666666668,-80.1579487179487,0,27151.765999999996
1986-06,0.12,349.98,347.61,1664.77,316.3,0.6,1986,20438.045,6942.08,2184.726,6943.316,441.784,8261.466,8490.594,3014.606,36097.883,17385.945,4958072839.0,31982615792285.0,6,317,-0.5399999999999636,347.54749999999996,-3.6800000000000637,1667.3375000000003,-95.65794871794871,0,27151.765999999996
1986-07,0.11,348.25,347.43,1663.55,316.3,18.1,1986,20438.045,6942.08,2184.726,6943.316,441.784,8261.466,8490.594,3014.606,36097.883,17385.945,4958072839.0,31982615792285.0,7,318,-1.7300000000000182,347.95583333333326,-1.2200000000000273,1667.2175,-78.1579487179487,0,27151.765999999996
1986-08,0.15,346.17,347.51,1662.33,316.3,9.9,1986,20438.045,6942.08,2184.726,6943.316,441.784,8261.466,8490.594,3014.606,36097.883,17385.945,4958072839.0,31982615792285.0,8,319,-2.079999999999984,348.0758333333333,-1.2200000000000273,1666.7866666666666,-86.3579487179487,0,27151.765999999996
1986-09,0.03,345.48,348.61,1664.37,316.3,5.1,1986,20438.045,6942.08,2184.726,6943.316,441.784,8261.466,8490.594,3014.606,36097.883,17385.945,4958072839.0,31982615792285.0,9,320,-0.6899999999999977,348.1383333333333,2.0399999999999636,1666.583333333333,-91.15794871794871,0,27151.765999999996
1986-09,0.03,345.48,348.61,1672.57,316.3,5.1,1986,20438.045,6942.08,2184.726,6943.316,441.784,8261.466,8490.594,3014.606,36097.883,17385.945,4958072839.0,31982615792285.0,9,320,0.0,348.085,8.200000000000045,1667.1266666666663,-91.15794871794871,0,27151.765999999996
1986-10,0.15,344.82,348.04,1675.625,316.3,40.1,1986,20438.045,6942.08,2184.726,6943.316,441.784,8261.466,8490.594,3014.606,36097.883,17385.945,4958072839.0,31982615792285.0,10,321,-0.660000000000025,347.9216666666667,3.0550000000000637,1667.9145833333332,-56.157948717948706,0,27151.765999999996
1986-11,0.1,346.22,348.28,1678.68,316.3,15.4,1986,20438.045,6942.08,2184.726,6943.316,441.784,8261.466,8490.594,3014.606,36097.883,17385.945,4958072839.0,31982615792285.0,11,322,1.400000000000034,347.81666666666666,3.0550000000000637,1668.9470833333332,-80.8579487179487,0,27151.765999999996
1986-11,0.1,346.22,348.28,1678.98,316.3,15.4,1986,20438.045,6942.08,2184.726,6943.316,441.784,8261.466,8490.594,3014.606,36097.883,17385.945,4958072839.0,31982615792285.0,11,322,0.0,347.64750000000004,0.2999999999999545,1669.95125,-80.8579487179487,0,27151.765999999996
1986-12,0.13,347.48,348.36,1679.12,316.3,5.8,1986,20438.045,6942.08,2184.726,6943.316,441.784,8261.466,8490.594,3014.606,36097.883,17385.945,4958072839.0,31982615792285.0,12,323,1.259999999999991,347.5833333333333,0.13999999999987267,1670.7729166666668,-90.45794871794871,0,27151.765999999996
1987-01,0.31,348.73,348.66,1679.27,316.3,9.8,1987,21106.189,7003.95,2231.983,6497.945,458.382,8549.229,8579.333,3281.567,36294.992,17688.301,5049746390.0,31982615792285.0,1,324,1.25,347.4891666666667,0.15000000000009095,1671.5429166666665,-86.45794871794871,0,27366.456
1987-02,0.43,348.92,348.24,1679.42,316.3,3.4,1987,21106.189,7003.95,2231.983,6497.945,458.382,8549.229,8579.333,3281.567,36294.992,17688.301,5049746390.0,31982615792285.0,2,325,0.18999999999999773,347.35583333333335,0.15000000000009095,1672.2612499999998,-92.8579487179487,0,27366.456
1987-03,0.18,349.81,348.39,1679.04,316.3,17.4,1987,21106.189,7003.95,2231.983,6497.945,458.382,8549.229,8579.333,3281.567,36294.992,17688.301,5049746390.0,31982615792285.0,3,326,0.8899999999999864,347.2966666666667,-0.38000000000010914,1673.14375,-78.85794871794872,0,27366.456
1987-03,0.18,349.81,348.39,1680.01,316.3,17.4,1987,21106.189,7003.95,2231.983,6497.945,458.382,8549.229,8579.333,3281.567,36294.992,17688.301,5049746390.0,31982615792285.0,3,326,0.0,347.2825,0.9700000000000273,1674.41375,-78.85794871794872,0,27366.456
1987-04,0.24,351.4,348.84,1680.685,316.3,46.0,1987,21106.189,7003.95,2231.983,6497.945,458.382,8549.229,8579.333,3281.567,36294.992,17688.301,5049746390.0,31982615792285.0,4,327,1.589999999999975,347.545,0.6749999999999545,1675.8416666666665,-50.25794871794871,0,27366.456
1987-05,0.25,352.15,349.09,1681.36,316.3,39.1,1987,21106.189,7003.95,2231.983,6497.945,458.382,8549.229,8579.333,3281.567,36294.992,17688.301,5049746390.0,31982615792285.0,5,328,0.75,348.04333333333335,0.6749999999999545,1677.4275,-57.157948717948706,0,27366.456
1987-05,0.25,352.15,349.09,1681.86,316.3,39.1,1987,21106.189,7003.95,2231.983,6497.945,458.382,8549.229,8579.333,3281.567,36294.992,17688.301,5049746390.0,31982615792285.0,5,328,0.0,348.59916666666663,0.5,1678.8850000000002,-57.157948717948706,0,27366.456
1987-06,0.35,351.58,349.29,1679.98,316.3,18.8,1987,21106.189,7003.95,2231.983,6497.945,458.382,8549.229,8579.333,3281.567,36294.992,17688.301,5049746390.0,31982615792285.0,6,329,-0.5699999999999932,349.1075,-1.8799999999998818,1679.5025000000003,-77.45794871794871,0,27366.456
1987-07,0.4,350.21,349.51,1677.98,316.3,38.2,1987,21106.189,7003.95,2231.983,6497.945,458.382,8549.229,8579.333,3281.567,36294.992,17688.301,5049746390.0,31982615792285.0,7,330,-1.3700000000000045,349.5566666666667,-2.0,1679.6987499999998,-58.057948717948705,0,27366.456
1987-08,0.24,348.2,349.65,1675.98,316.3,47.9,1987,21106.189,7003.95,2231.983,6497.945,458.382,8549.229,8579.333,3281.567,36294.992,17688.301,5049746390.0,31982615792285.0,8,331,-2.009999999999991,349.72166666666664,-2.0,1679.47375,-48.35794871794871,0,27366.456
1987-09,0.35,346.66,349.85,1677.19,316.3,42.2,1987,21106.189,7003.95,2231.983,6497.945,458.382,8549.229,8579.333,3281.567,36294.992,17688.301,5049746390.0,31982615792285.0,9,332,-1.5399999999999636,349.75833333333327,1.2100000000000364,1679.324583333333,-54.057948717948705,0,27366.456
1987-09,0.35,346.66,349.85,1685.58,316.3,42.2,1987,21106.189,7003.95,2231.983,6497.945,458.382,8549.229,8579.333,3281.567,36294.992,17688.301,5049746390.0,31982615792285.0,9,332,0.0,349.69000000000005,8.389999999999873,1679.8629166666667,-54.057948717948705,0,27366.456
1987-10,0.32,346.72,349.96,1688.565,316.3,63.4,1987,21106.189,7003.95,2231.983,6497.945,458.382,8549.229,8579.333,3281.567,36294.992,17688.301,5049746390.0,31982615792285.0,10,333,0.060000000000002274,349.5225,2.9850000000001273,1680.6374999999998,-32.85794871794871,0,27366.456
1987-11,0.29,348.08,350.15,1691.55,316.3,48.8,1987,21106.189,7003.95,2231.983,6497.945,458.382,8549.229,8579.333,3281.567,36294.992,17688.301,5049746390.0,31982615792285.0,11,334,1.3599999999999568,349.45250000000004,2.9849999999999,1681.6483333333333,-47.45794871794871,0,27366.456
1987-11,0.29,348.08,350.15,1691.19,316.3,48.8,1987,21106.189,7003.95,2231.983,6497.945,458.382,8549.229,8579.333,3281.567,36294.992,17688.301,5049746390.0,31982615792285.0,11,334,0.0,349.30833333333334,-0.35999999999989996,1682.6608333333334,-47.45794871794871,0,27366.456
1987-12,0.46,349.28,350.14,1690.51,316.3,29.1,1987,21106.189,7003.95,2231.983,6497.945,458.382,8549.229,8579.333,3281.567,36294.992,17688.301,5049746390.0,31982615792285.0,12,335,1.1999999999999886,349.26416666666665,-0.6800000000000637,1683.5358333333334,-67.1579487179487,0,27366.456
1988-01,0.56,350.51,350.49,1691.245,316.3,70.5,1988,21918.756,7115.852,2229.207,6156.68,481.928,8836.429,8889.34,3435.978,36855.246,18021.527,5141992540.0,31982615792285.0,1,336,1.2300000000000182,349.19,0.7349999999999,1684.4158333333332,-25.757948717948707,0,27800.355
1988-02,0.44,351.7,350.99,1691.98,316.3,45.4,1988,21918.756,7115.852,2229.207,6156.68,481.928,8836.429,8889.34,3435.978,36855.246,18021.527,5141992540.0,31982615792285.0,2,337,1.1899999999999977,349.1525,0.7350000000001273,1685.3008333333335,-50.85794871794871,0,27800.355
1988-03,0.51,352.5,350.99,1692.54,316.3,91.2,1988,21918.756,7115.852,2229.207,6156.68,481.928,8836.429,8889.34,3435.978,36855.246,18021.527,5141992540.0,31982615792285.0,3,338,0.8000000000000114,349.1816666666667,0.5599999999999454,1686.190833333333,-5.057948717948705,0,27800.355
1988-03,0.51,352.5,350.99,1691.29,316.3,91.2,1988,21918.756,7115.852,2229.207,6156.68,481.928,8836.429,8889.34,3435.978,36855.246,18021.527,5141992540.0,31982615792285.0,3,338,0.0,349.2583333333334,-1.25,1687.1333333333332,-5.057948717948705,0,27800.355
1988-04,0.42,353.67,351.03,1690.675,316.3,108.8,1988,21918.756,7115.852,2229.207,6156.68,481.928,8836.429,8889.34,3435.978,36855.246,18021.527,5141992540.0,31982615792285.0,4,339,1.170000000000016,349.5466666666666,-0.6150000000000091,1688.1912499999999,12.54205128205129,0,27800.355
1988-05,0.44,354.35,351.22,1690.06,316.3,74.2,1988,21918.756,7115.852,2229.207,6156.68,481.928,8836.429,8889.34,3435.978,36855.246,18021.527,5141992540.0,31982615792285.0,5,340,0.6800000000000068,350.05916666666667,-0.6150000000000091,1689.3645833333333,-22.057948717948705,0,27800.355
1988-05,0.44,354.35,351.22,1689.1,316.3,74.2,1988,21918.756,7115.852,2229.207,6156.68,481.928,8836.429,8889.34,3435.978,36855.246,18021.527,5141992540.0,31982615792285.0,5,340,0.0,350.7,-0.9600000000000364,1690.3570833333333,-22.057948717948705,0,27800.355
1988-06,0.4,353.88,351.55,1687.19,316.3,124.3,1988,21918.756,7115.852,2229.207,6156.68,481.928,8836.429,8889.34,3435.978,36855.246,18021.527,5141992540.0,31982615792285.0,6,341,-0.4700000000000273,351.3016666666667,-1.9099999999998545,1690.49125,28.04205128205129,0,27800.355
1988-07,0.33,352.8,352.16,1686.605,316.3,131.4,1988,21918.756,7115.852,2229.207,6156.68,481.928,8836.429,8889.34,3435.978,36855.246,18021.527,5141992540.0,31982615792285.0,7,342,-1.079999999999984,351.80833333333334,-0.5850000000000364,1690.3279166666669,35.1420512820513,0,27800.355
1988-08,0.39,350.49,352.01,1686.02,316.3,139.4,1988,21918.756,7115.852,2229.207,6156.68,481.928,8836.429,8889.34,3435.978,36855.246,18021.527,5141992540.0,31982615792285.0,8,343,-2.3100000000000023,352.00916666666666,-0.5850000000000364,1689.8670833333335,43.1420512820513,0,27800.355
1988-09,0.37,348.97,352.18,1696.11,316.3,142.7,1988,21918.756,7115.852,2229.207,6156.68,481.928,8836.429,8889.34,3435.978,36855.246,18021.527,5141992540.0,31982615792285.0,9,344,-1.5199999999999818,352.0833333333333,10.089999999999918,1690.2770833333332,46.44205128205128,0,27800.355
1988-09,0.37,348.97,352.18,1689.44,316.3,142.7,1988,21918.756,7115.852,2229.207,6156.68,481.928,8836.429,8889.34,3435.978,36855.246,18021.527,5141992540.0,31982615792285.0,9,344,0.0,352.05750000000006,-6.669999999999845,1690.1879166666668,46.44205128205128,0,27800.355
1988-10,0.37,349.37,352.62,1695.29,316.3,156.5,1988,21918.756,7115.852,2229.207,6156.68,481.928,8836.429,8889.34,3435.978,36855.246,18021.527,5141992540.0,31982615792285.0,10,345,0.39999999999997726,351.96250000000003,5.849999999999909,1690.5250000000003,60.24205128205129,0,27800.355
1988-11,0.12,350.42,352.53,1701.14,316.3,156.8,1988,21918.756,7115.852,2229.207,6156.68,481.928,8836.429,8889.34,3435.978,36855.246,18021.527,5141992540.0,31982615792285.0,11,346,1.0500000000000114,351.85583333333335,5.850000000000136,1691.2883333333332,60.542051282051304,0,27800.355
1988-11,0.12,350.42,352.53,1702.84,316.3,156.8,1988,21918.756,7115.852,2229.207,6156.68,481.928,8836.429,8889.34,3435.978,36855.246,18021.527,5141992540.0,31982615792285.0,11,346,0.0,351.68250000000006,1.699999999999818,1692.1466666666668,60.542051282051304,0,27800.355
1988-12,0.29,351.62,352.52,1701.9,316.3,231.2,1988,21918.756,7115.852,2229.207,6156.68,481.928,8836.429,8889.34,3435.978,36855.246,18021.527,5141992540.0,31982615792285.0,12,347,1.1999999999999886,351.6091666666667,-0.9399999999998272,1693.0308333333332,134.9420512820513,0,27800.355
1989-01,0.12,353.07,352.99,1701.225,316.3,210.1,1989,22200.213,7274.316,2249.944,5980.82,492.073,8827.798,9037.386,3604.958,37119.141,18044.754,5234431736.0,31982615792285.0,1,348,1.4499999999999886,351.55916666666667,-0.6750000000001819,1693.91,113.84205128205129,0,27943.035
1989-02,0.29,353.43,352.69,1700.55,316.3,208.7,1989,22200.213,7274.316,2249.944,5980.82,492.073,8827.798,9037.386,3604.958,37119.141,18044.754,5234431736.0,31982615792285.0,2,349,0.36000000000001364,351.4825,-0.6749999999999545,1694.7841666666666,112.44205128205128,0,27943.035
1989-03,0.36,354.08,352.6,1701.12,316.3,170.4,1989,22200.213,7274.316,2249.944,5980.82,492.073,8827.798,9037.386,3604.958,37119.141,18044.754,5234431736.0,31982615792285.0,3,350,0.6499999999999773,351.46,0.5699999999999363,1695.7858333333334,74.1420512820513,0,27943.035
1989-03,0.36,354.08,352.6,1702.49,316.3,170.4,1989,22200.213,7274.316,2249.944,5980.82,492.073,8827.798,9037.386,3604.958,37119.141,18044.754,5234431736.0,31982615792285.0,3,350,0.0,351.4766666666667,1.3700000000001182,1697.0608333333332,74.1420512820513,0,27943.035
1989-04,0.29,355.72,353.07,1703.0349999999999,316.3,166.3,1989,22200.213,7274.316,2249.944,5980.82,492.073,8827.798,9037.386,3604.958,37119.141,18044.754,5234431736.0,31982615792285.0,4,351,1.6400000000000432,351.72,0.5449999999998454,1698.43,70.0420512820513,0,27943.035
1989-05,0.17,355.95,352.78,1703.58,316.3,195.4,1989,22200.213,7274.316,2249.944,5980.82,492.073,8827.798,9037.386,3604.958,37119.141,18044.754,5234431736.0,31982615792285.0,5,352,0.22999999999996135,352.175,0.5450000000000728,1699.8933333333332,99.1420512820513,0,27943.035
1989-05,0.17,355.95,352.78,1703.36,316.3,195.4,1989,22200.213,7274.316,2249.944,5980.82,492.073,8827.798,9037.386,3604.958,37119.141,18044.754,5234431736.0,31982615792285.0,5,352,0.0,352.75666666666666,-0.22000000000002728,1700.4975000000002,99.1420512820513,0,27943.035
1989-06,0.15,355.44,353.06,1700.21,316.3,284.5,1989,22200.213,7274.316,2249.944,5980.82,492.073,8827.798,9037.386,3604.958,37119.141,18044.754,5234431736.0,31982615792285.0,6,353,-0.5099999999999909,353.29583333333335,-3.1499999999998636,1701.3949999999998,188.2420512820513,0,27943.035
1989-07,0.34,354.05,353.38,1699.205,316.3,180.5,1989,22200.213,7274.316,2249.944,5980.82,492.073,8827.798,9037.386,3604.958,37119.141,18044.754,5234431736.0,31982615792285.0,7,354,-1.3899999999999864,353.6858333333333,-1.0050000000001091,1701.7212499999998,84.24205128205129,0,27943.035
1989-08,0.33,351.84,353.43,1698.2,316.3,232.0,1989,22200.213,7274.316,2249.944,5980.82,492.073,8827.798,9037.386,3604.958,37119.141,18044.754,5234431736.0,31982615792285.0,8,355,-2.2100000000000364,353.8041666666666,-1.0049999999998818,1701.47625,135.7420512820513,0,27943.035
1989-09,0.34,350.09,353.37,1707.17,316.3,225.1,1989,22200.213,7274.316,2249.944,5980.82,492.073,8827.798,9037.386,3604.958,37119.141,18044.754,5234431736.0,31982615792285.0,9,356,-1.75,353.77666666666664,8.970000000000027,1701.837083333333,128.84205128205127,0,27943.035
1989-09,0.34,350.09,353.37,1701.97,316.3,225.1,1989,22200.213,7274.316,2249.944,5980.82,492.073,8827.798,9037.386,3604.958,37119.141,18044.754,5234431736.0,31982615792285.0,9,356,0.0,353.64916666666664,-5.2000000000000455,1701.8429166666667,128.84205128205127,0,27943.035
1989-10,0.29,350.33,353.57,1706.25,316.3,212.2,1989,22200.213,7274.316,2249.944,5980.82,492.073,8827.798,9037.386,3604.958,37119.141,18044.754,5234431736.0,31982615792285.0,10,357,0.2400000000000091,353.42083333333335,4.279999999999973,1702.2616666666665,115.94205128205128,0,27943.035
1989-11,0.19,351.55,353.68,1710.53,316.3,238.2,1989,22200.213,7274.316,2249.944,5980.82,492.073,8827.798,9037.386,3604.958,37119.141,18044.754,5234431736.0,31982615792285.0,11,358,1.2200000000000273,353.26416666666665,4.279999999999973,1703.0933333333332,141.9420512820513,0,27943.035
1989-11,0.19,351.55,353.68,1713.11,316.3,238.2,1989,22200.213,7274.316,2249.944,5980.82,492.073,8827.798,9037.386,3604.958,37119.141,18044.754,5234431736.0,31982615792285.0,11,358,0.0,353.0533333333333,2.5799999999999272,1704.0925,141.9420512820513,0,27943.035
1989-12,0.37,352.91,353.84,1713.22,316.3,211.4,1989,22200.213,7274.316,2249.944,5980.82,492.073,8827.798,9037.386,3604.958,37119.141,18044.754,5234431736.0,31982615792285.0,12,359,1.3600000000000136,352.9558333333334,0.11000000000012733,1704.9866666666667,115.1420512820513,0,27943.035
1990-01,0.41,353.86,353.78,1712.68,316.3,227.4,1990,22732.145,7320.985,2266.202,5829.07,492.522,8659.787,9196.439,3790.182,37574.773,17991.711,5327803106.0,43033605109062.0,1,360,0.9499999999999886,352.8008333333334,-0.5399999999999636,1705.7904166666667,131.14205128205128,0,27968.000000000004
1990-02,0.43,355.1,354.37,1712.14,316.3,171.8,1990,22732.145,7320.985,2266.202,5829.07,492.522,8659.787,9196.439,3790.182,37574.773,17991.711,5327803106.0,43033605109062.0,2,361,1.240000000000009,352.73,-0.5399999999999636,1706.50375,75.5420512820513,0,27968.000000000004
1990-03,0.8,355.75,354.27,1713.51,316.3,191.7,1990,22732.145,7320.985,2266.202,5829.07,492.522,8659.787,9196.439,3790.182,37574.773,17991.711,5327803106.0,43033605109062.0,3,362,0.6499999999999773,352.71333333333337,1.3699999999998909,1707.3495833333334,95.44205128205128,0,27968.000000000004
1990-03,0.8,355.75,354.27,1714.36,316.3,191.7,1990,22732.145,7320.985,2266.202,5829.07,492.522,8659.787,9196.439,3790.182,37574.773,17991.711,5327803106.0,43033605109062.0,3,362,0.0,352.7391666666667,0.849999999999909,1708.5287500000002,95.44205128205128,0,27968.000000000004
1990-04,0.56,356.38,353.76,1713.445,316.3,189.7,1990,22732.145,7320.985,2266.202,5829.07,492.522,8659.787,9196.439,3790.182,37574.773,17991.711,5327803106.0,43033605109062.0,4,363,0.6299999999999955,352.93333333333334,-0.9149999999999636,1709.7154166666667,93.44205128205128,0,27968.000000000004
1990-05,0.45,357.38,354.23,1712.53,316.3,175.2,1990,22732.145,7320.985,2266.202,5829.07,492.522,8659.787,9196.439,3790.182,37574.773,17991.711,5327803106.0,43033605109062.0,5,364,1.0,353.395,-0.9149999999999636,1710.909583333333,78.94205128205128,0,27968.000000000004
1990-05,0.45,357.38,354.23,1710.65,316.3,175.2,1990,22732.145,7320.985,2266.202,5829.07,492.522,8659.787,9196.439,3790.182,37574.773,17991.711,5327803106.0,43033605109062.0,5,364,0.0,354.0025,-1.8799999999998818,1711.1995833333333,78.94205128205128,0,27968.000000000004
1990-06,0.37,356.39,354.02,1708.45,316.3,153.3,1990,22732.145,7320.985,2266.202,5829.07,492.522,8659.787,9196.439,3790.182,37574.773,17991.711,5327803106.0,43033605109062.0,6,365,-0.9900000000000091,354.5275,-2.2000000000000455,1711.7395833333333,57.042051282051304,0,27968.000000000004
1990-07,0.46,354.89,354.24,1707.51,316.3,191.1,1990,22732.145,7320.985,2266.202,5829.07,492.522,8659.787,9196.439,3790.182,37574.773,17991.711,5327803106.0,43033605109062.0,7,366,-1.5,354.90749999999997,-0.9400000000000546,1711.8445833333333,94.84205128205129,0,27968.000000000004
1990-08,0.34,353.06,354.68,1706.57,316.3,252.1,1990,22732.145,7320.985,2266.202,5829.07,492.522,8659.787,9196.439,3790.182,37574.773,17991.711,5327803106.0,43033605109062.0,8,367,-1.829999999999984,355.03333333333336,-0.9400000000000546,1711.5145833333333,155.84205128205127,0,27968.000000000004
1990-09,0.23,351.38,354.69,1717.58,316.3,169.1,1990,22732.145,7320.985,2266.202,5829.07,492.522,8659.787,9196.439,3790.182,37574.773,17991.711,5327803106.0,43033605109062.0,9,368,-1.6800000000000068,355.01916666666665,11.009999999999991,1711.8870833333333,72.84205128205129,0,27968.000000000004
1990-09,0.23,351.38,354.69,1710.23,316.3,169.1,1990,22732.145,7320.985,2266.202,5829.07,492.522,8659.787,9196.439,3790.182,37574.773,17991.711,5327803106.0,43033605109062.0,9,368,0.0,354.89166666666665,-7.349999999999909,1711.6379166666666,72.84205128205129,0,27968.000000000004
1990-10,0.44,351.69,354.94,1716.125,316.3,199.4,1990,22732.145,7320.985,2266.202,5829.07,492.522,8659.787,9196.439,3790.182,37574.773,17991.711,5327803106.0,43033605109062.0,10,369,0.3100000000000023,354.7108333333333,5.894999999999982,1711.925,103.1420512820513,0,27968.000000000004
1990-11,0.46,353.14,355.18,1722.02,316.3,178.8,1990,22732.145,7320.985,2266.202,5829.07,492.522,8659.787,9196.439,3790.182,37574.773,17991.711,5327803106.0,43033605109062.0,11,370,1.4499999999999886,354.54749999999996,5.894999999999982,1712.7483333333332,82.5420512820513,0,27968.000000000004
1990-11,0.46,353.14,355.18,1723.47,316.3,178.8,1990,22732.145,7320.985,2266.202,5829.07,492.522,8659.787,9196.439,3790.182,37574.773,17991.711,5327803106.0,43033605109062.0,11,370,0.0,354.33,1.4500000000000455,1713.5783333333336,82.5420512820513,0,27968.000000000004
1990-12,0.4,354.41,355.26,1723.3,316.3,197.1,1990,22732.145,7320.985,2266.202,5829.07,492.522,8659.787,9196.439,3790.182,37574.773,17991.711,5327803106.0,43033605109062.0,12,371,1.2700000000000387,354.2183333333333,-0.17000000000007276,1714.3233333333335,100.84205128205129,0,27968.000000000004
1991-01,0.42,354.93,354.91,1722.48,316.3,195.3,1991,23205.592,7265.909,2263.283,5720.298,504.694,8574.09,9656.487,3851.52,37889.742,17811.609,5418735886.0,43033605109062.0,1,372,0.5199999999999818,354.0975,-0.8199999999999363,1715.07625,99.0420512820513,0,28307.088999999996
1991-02,0.5,355.82,355.11,1721.66,316.3,240.3,1991,23205.592,7265.909,2263.283,5720.298,504.694,8574.09,9656.487,3851.52,37889.742,17811.609,5418735886.0,43033605109062.0,2,373,0.8899999999999864,353.9675,-0.8199999999999363,1715.8370833333336,144.04205128205132,0,28307.088999999996
1991-03,0.35,357.33,355.79,1721.31,316.3,197.0,1991,23205.592,7265.909,2263.283,5720.298,504.694,8574.09,9656.487,3851.52,37889.742,17811.609,5418735886.0,43033605109062.0,3,374,1.509999999999991,353.9633333333333,-0.3500000000001364,1716.725416666667,100.74205128205129,0,28307.088999999996
1991-03,0.35,357.33,355.79,1722.09,316.3,197.0,1991,23205.592,7265.909,2263.283,5720.298,504.694,8574.09,9656.487,3851.52,37889.742,17811.609,5418735886.0,43033605109062.0,3,374,0.0,354.0416666666667,0.7799999999999727,1717.8620833333332,100.74205128205129,0,28307.088999999996
1991-04,0.51,358.77,356.13,1722.2649999999999,316.3,197.6,1991,23205.592,7265.909,2263.283,5720.298,504.694,8574.09,9656.487,3851.52,37889.742,17811.609,5418735886.0,43033605109062.0,4,375,1.4399999999999977,354.365,0.17499999999995453,1719.091666666667,101.34205128205129,0,28307.088999999996
1991-05,0.34,359.23,356.1,1722.44,316.3,166.9,1991,23205.592,7265.909,2263.283,5720.298,504.694,8574.09,9656.487,3851.52,37889.742,17811.609,5418735886.0,43033605109062.0,5,376,0.4600000000000364,354.87916666666666,0.1750000000001819,1720.4141666666667,70.6420512820513,0,28307.088999999996
1991-05,0.34,359.23,356.1,1722.12,316.3,166.9,1991,23205.592,7265.909,2263.283,5720.298,504.694,8574.09,9656.487,3851.52,37889.742,17811.609,5418735886.0,43033605109062.0,5,376,0.0,355.5333333333333,-0.3200000000001637,1720.7924999999998,70.6420512820513,0,28307.088999999996
1991-06,0.53,358.23,355.88,1718.87,316.3,224.7,1991,23205.592,7265.909,2263.283,5720.298,504.694,8574.09,9656.487,3851.52,37889.742,17811.609,5418735886.0,43033605109062.0,6,377,-1.0,356.1041666666667,-3.25,1721.5124999999998,128.4420512820513,1,28307.088999999996
1991-07,0.47,356.3,355.69,1717.415,316.3,240.2,1991,23205.592,7265.909,2263.283,5720.298,504.694,8574.09,9656.487,3851.52,37889.742,17811.609,5418735886.0,43033605109062.0,7,378,-1.9300000000000068,356.4883333333334,-1.4549999999999272,1721.62,143.9420512820513,1,28307.088999999996
1991-08,0.39,353.97,355.59,1715.96,316.3,240.8,1991,23205.592,7265.909,2263.283,5720.298,504.694,8574.09,9656.487,3851.52,37889.742,17811.609,5418735886.0,43033605109062.0,8,379,-2.329999999999984,356.55749999999995,-1.4549999999999272,1721.1149999999998,144.54205128205132,1,28307.088999999996
1991-09,0.44,352.34,355.66,1726.06,316.3,168.9,1991,23205.592,7265.909,2263.283,5720.298,504.694,8574.09,9656.487,3851.52,37889.742,17811.609,5418735886.0,43033605109062.0,9,380,-1.6300000000000523,356.49083333333334,10.099999999999909,1721.3308333333332,72.6420512820513,1,28307.088999999996
1991-09,0.44,352.34,355.66,1719.15,316.3,168.9,1991,23205.592,7265.909,2263.283,5720.298,504.694,8574.09,9656.487,3851.52,37889.742,17811.609,5418735886.0,43033605109062.0,9,380,0.0,356.3183333333333,-6.9099999999998545,1720.985,72.6420512820513,1,28307.088999999996
1991-10,0.29,352.43,355.69,1725.9250000000002,316.3,197.1,1991,23205.592,7265.909,2263.283,5720.298,504.694,8574.09,9656.487,3851.52,37889.742,17811.609,5418735886.0,43033605109062.0,10,381,0.09000000000003183,356.10999999999996,6.775000000000091,1721.2720833333333,100.84205128205129,1,28307.088999999996
1991-11,0.29,353.89,355.87,1732.7,316.3,159.5,1991,23205.592,7265.909,2263.283,5720.298,504.694,8574.09,9656.487,3851.52,37889.742,17811.609,5418735886.0,43033605109062.0,11,382,1.4599999999999795,355.9491666666667,6.774999999999864,1722.1920833333334,63.24205128205129,1,28307.088999999996
1991-11,0.29,353.89,355.87,1737.45,316.3,159.5,1991,23205.592,7265.909,2263.283,5720.298,504.694,8574.09,9656.487,3851.52,37889.742,17811.609,5418735886.0,43033605109062.0,11,382,0.0,355.66249999999997,4.75,1723.5370833333336,63.24205128205129,1,28307.088999999996
1991-12,0.32,355.21,356.02,1739.54,316.3,212.6,1991,23205.592,7265.909,2263.283,5720.298,504.694,8574.09,9656.487,3851.52,37889.742,17811.609,5418735886.0,43033605109062.0,12,383,1.3199999999999932,355.48583333333335,2.089999999999918,1724.99125,116.34205128205129,1,28307.088999999996
1992-01,0.47,356.34,356.29,1739.23,316.3,198.3,1992,22520.424,7268.79,2271.714,5967.898,525.922,8361.174,9154.655,3901.366,37455.109,17636.227,5505989815.0,43033605109062.0,1,384,1.1299999999999955,355.2833333333333,-0.30999999999994543,1726.4049999999997,102.0420512820513,1,27911.015
1992-02,0.4,357.21,356.47,1738.92,316.3,230.7,1992,22520.424,7268.79,2271.714,5967.898,525.922,8361.174,9154.655,3901.366,37455.109,17636.227,5505989815.0,43033605109062.0,2,385,0.8700000000000045,355.115,-0.30999999999994543,1727.7783333333334,134.4420512820513,1,27911.015
1992-03,0.48,357.97,356.38,1737.32,316.3,151.0,1992,22520.424,7268.79,2271.714,5967.898,525.922,8361.174,9154.655,3901.366,37455.109,17636.227,5505989815.0,43033605109062.0,3,386,0.7600000000000477,355.01,-1.6000000000001364,1729.045,54.74205128205129,1,27911.015
1992-03,0.48,357.97,356.38,1736.79,316.3,151.0,1992,22520.424,7268.79,2271.714,5967.898,525.922,8361.174,9154.655,3901.366,37455.109,17636.227,5505989815.0,43033605109062.0,3,386,0.0,354.9883333333333,-0.5299999999999727,1730.5383333333336,54.74205128205129,1,27911.015
1992-04,0.27,359.22,356.51,1736.72,316.3,142.2,1992,22520.424,7268.79,2271.714,5967.898,525.922,8361.174,9154.655,3901.366,37455.109,17636.227,5505989815.0,43033605109062.0,4,387,1.25,355.2316666666666,-0.06999999999993634,1732.1470833333333,45.94205128205128,1,27911.015
1992-05,0.31,359.71,356.52,1736.65,316.3,94.3,1992,22520.424,7268.79,2271.714,5967.898,525.922,8361.174,9154.655,3901.366,37455.109,17636.227,5505989815.0,43033605109062.0,5,388,0.48999999999995225,355.71,-0.06999999999993634,1733.8712500000001,-1.9579487179487103,1,27911.015
1992-05,0.31,359.71,356.52,1735.05,316.3,94.3,1992,22520.424,7268.79,2271.714,5967.898,525.922,8361.174,9154.655,3901.366,37455.109,17636.227,5505989815.0,43033605109062.0,5,388,0.0,356.3241666666667,-1.6000000000001364,1734.6204166666666,-1.9579487179487103,1,27911.015
1992-06,0.25,359.44,357.07,1731.58,316.3,98.5,1992,22520.424,7268.79,2271.714,5967.898,525.922,8361.174,9154.655,3901.366,37455.109,17636.227,5505989815.0,43033605109062.0,6,389,-0.2699999999999818,356.9158333333333,-3.4700000000000273,1735.65625,2.2420512820512926,1,27911.015
1992-07,0.09,357.15,356.58,1730.19,316.3,114.2,1992,22520.424,7268.79,2271.714,5967.898,525.922,8361.174,9154.655,3901.366,37455.109,17636.227,5505989815.0,43033605109062.0,7,390,-2.2900000000000205,357.30916666666667,-1.3899999999998727,1736.0116666666665,17.942051282051295,1,27911.015
1992-08,0.08,354.99,356.67,1728.8,316.3,91.9,1992,22520.424,7268.79,2271.714,5967.898,525.922,8361.174,9154.655,3901.366,37455.109,17636.227,5505989815.0,43033605109062.0,8,391,-2.159999999999968,357.4008333333333,-1.3900000000001,1735.6866666666665,-4.357948717948702,1,27911.015
1992-09,-0.01,353.01,356.36,1730.33,316.3,94.0,1992,22520.424,7268.79,2271.714,5967.898,525.922,8361.174,9154.655,3901.366,37455.109,17636.227,5505989815.0,43033605109062.0,9,392,-1.9800000000000182,357.32750000000004,1.5299999999999727,1735.0933333333332,-2.2579487179487074,1,27911.015
1992-09,-0.01,353.01,356.36,1734.59,316.3,94.0,1992,22520.424,7268.79,2271.714,5967.898,525.922,8361.174,9154.655,3901.366,37455.109,17636.227,5505989815.0,43033605109062.0,9,392,0.0,357.14416666666665,4.259999999999991,1734.6808333333336,-2.2579487179487074,1,27911.015
1992-10,0.06,353.4,356.72,1736.135,316.3,133.4,1992,22520.424,7268.79,2271.714,5967.898,525.922,8361.174,9154.655,3901.366,37455.109,17636.227,5505989815.0,43033605109062.0,10,393,0.38999999999998636,356.89916666666664,1.5450000000000728,1734.4229166666667,37.1420512820513,1,27911.015
1992-11,0.02,354.42,356.48,1737.68,316.3,129.6,1992,22520.424,7268.79,2271.714,5967.898,525.922,8361.174,9154.655,3901.366,37455.109,17636.227,5505989815.0,43033605109062.0,11,394,1.0200000000000387,356.6666666666667,1.5450000000000728,1734.3195833333332,33.34205128205129,1,27911.015
1992-11,0.02,354.42,356.48,1739.23,316.3,129.6,1992,22520.424,7268.79,2271.714,5967.898,525.922,8361.174,9154.655,3901.366,37455.109,17636.227,5505989815.0,43033605109062.0,11,394,0.0,356.37083333333334,1.5499999999999545,1734.47875,33.34205128205129,1,27911.015
1992-12,0.21,355.68,356.5,1738.51,316.3,122.0,1992,22520.424,7268.79,2271.714,5967.898,525.922,8361.174,9154.655,3901.366,37455.109,17636.227,5505989815.0,43033605109062.0,12,395,1.259999999999991,356.18,-0.7200000000000273,1734.6220833333334,25.742051282051293,1,27911.015
1993-01,0.34,357.1,357.06,1737.1399999999999,316.3,81.4,1993,22749.873,7261.674,2256.92,5733.292,549.567,8470.028,9172.321,4007.804,37427.73,17507.65,5591544802.0,43033605109062.0,1,396,1.420000000000016,356.00333333333333,-1.3700000000001182,1734.6570833333335,-14.857948717948702,1,27933.012000000002
1993-02,0.37,357.42,356.54,1735.77,316.3,127.8,1993,22749.873,7261.674,2256.92,5733.292,549.567,8470.028,9172.321,4007.804,37427.73,17507.65,5591544802.0,43033605109062.0,2,397,0.3199999999999932,355.8125,-1.3699999999998909,1734.58375,31.54205128205129,1,27933.012000000002
1993-03,0.36,358.59,356.88,1734.37,316.3,102.4,1993,22749.873,7261.674,2256.92,5733.292,549.567,8470.028,9172.321,4007.804,37427.73,17507.65,5591544802.0,43033605109062.0,3,398,1.169999999999959,355.7191666666667,-1.400000000000091,1734.5270833333334,6.142051282051298,1,27933.012000000002
1993-03,0.36,358.59,356.88,1735.38,316.3,102.4,1993,22749.873,7261.674,2256.92,5733.292,549.567,8470.028,9172.321,4007.804,37427.73,17507.65,5591544802.0,43033605109062.0,3,398,0.0,355.6483333333333,1.0100000000002183,1734.84375,6.142051282051298,1,27933.012000000002
1993-04,0.27,359.39,356.71,1735.19,316.3,94.4,1993,22749.873,7261.674,2256.92,5733.292,549.567,8470.028,9172.321,4007.804,37427.73,17507.65,5591544802.0,43033605109062.0,4,399,0.8000000000000114,355.83500000000004,-0.19000000000005457,1735.2604166666667,-1.8579487179487018,1,27933.012000000002
1993-05,0.28,360.3,357.14,1735.0,316.3,78.8,1993,22749.873,7261.674,2256.92,5733.292,549.567,8470.028,9172.321,4007.804,37427.73,17507.65,5591544802.0,43033605109062.0,5,400,0.910000000000025,356.2775,-0.19000000000005457,1735.7770833333334,-17.45794871794871,1,27933.012000000002
1993-05,0.28,360.3,357.14,1736.59,316.3,78.8,1993,22749.873,7261.674,2256.92,5733.292,549.567,8470.028,9172.321,4007.804,37427.73,17507.65,5591544802.0,43033605109062.0,5,400,0.0,356.885,1.5899999999999181,1736.29875,-17.45794871794871,1,27933.012000000002
1993-06,0.22,359.64,357.24,1730.88,316.3,69.6,1993,22749.873,7261.674,2256.92,5733.292,549.567,8470.028,9172.321,4007.804,37427.73,17507.65,5591544802.0,43033605109062.0,6,401,-0.660000000000025,357.4375,-5.709999999999809,1735.9895833333333,-26.657948717948713,1,27933.012000000002
1993-07,0.25,357.45,356.87,1729.4450000000002,316.3,80.4,1993,22749.873,7261.674,2256.92,5733.292,549.567,8470.028,9172.321,4007.804,37427.73,17507.65,5591544802.0,43033605109062.0,7,402,-2.1899999999999977,357.77500000000003,-1.4349999999999454,1735.4320833333334,-15.857948717948702,0,27933.012000000002
1993-08,0.11,355.76,357.44,1728.01,316.3,62.5,1993,22749.873,7261.674,2256.92,5733.292,549.567,8470.028,9172.321,4007.804,37427.73,17507.65,5591544802.0,43033605109062.0,8,403,-1.6899999999999977,357.8866666666667,-1.4350000000001728,1734.62625,-33.75794871794871,0,27933.012000000002
1993-09,0.11,354.14,357.51,1731.14,316.3,31.2,1993,22749.873,7261.674,2256.92,5733.292,549.567,8470.028,9172.321,4007.804,37427.73,17507.65,5591544802.0,43033605109062.0,9,404,-1.6200000000000045,357.8633333333333,3.130000000000109,1733.9520833333336,-65.0579487179487,0,27933.012000000002
1993-09,0.11,354.14,357.51,1738.44,316.3,31.2,1993,22749.873,7261.674,2256.92,5733.292,549.567,8470.028,9172.321,4007.804,37427.73,17507.65,5591544802.0,43033605109062.0,9,404,0.0,357.73499999999996,7.2999999999999545,1733.94625,-65.0579487179487,0,27933.012000000002
1993-10,0.23,354.23,357.6,1741.83,316.3,71.1,1993,22749.873,7261.674,2256.92,5733.292,549.567,8470.028,9172.321,4007.804,37427.73,17507.65,5591544802.0,43033605109062.0,10,405,0.09000000000003183,357.49583333333334,3.3899999999998727,1734.337083333333,-25.157948717948713,0,27933.012000000002
1993-11,0.03,355.53,357.65,1745.22,316.3,48.2,1993,22749.873,7261.674,2256.92,5733.292,549.567,8470.028,9172.321,4007.804,37427.73,17507.65,5591544802.0,43033605109062.0,11,406,1.2999999999999545,357.3383333333333,3.3900000000001,1735.1245833333332,-48.057948717948705,0,27933.012000000002
1993-11,0.03,355.53,357.65,1743.38,316.3,48.2,1993,22749.873,7261.674,2256.92,5733.292,549.567,8470.028,9172.321,4007.804,37427.73,17507.65,5591544802.0,43033605109062.0,11,406,0.0,357.0833333333333,-1.8399999999999181,1735.8754166666668,-48.057948717948705,0,27933.012000000002
1993-12,0.18,357.03,357.92,1744.27,316.3,68.4,1993,22749.873,7261.674,2256.92,5733.292,549.567,8470.028,9172.321,4007.804,37427.73,17507.65,5591544802.0,43033605109062.0,12,407,1.5,356.9533333333333,0.8899999999998727,1736.61625,-27.8579487179487,0,27933.012000000002
1994-01,0.26,358.36,358.25,1742.825,316.3,84.9,1994,22974.598,7336.296,2286.923,6668.908,586.744,8513.747,9196.235,4040.174,38666.152,17467.422,5675551258.0,43033605109062.0,1,408,1.330000000000041,356.8675,-1.4449999999999363,1737.2524999999998,-11.357948717948702,0,29005.807999999997
1994-02,0.02,359.04,358.21,1741.38,316.3,54.9,1994,22974.598,7336.296,2286.923,6668.908,586.744,8513.747,9196.235,4040.174,38666.152,17467.422,5675551258.0,43033605109062.0,2,409,0.6800000000000068,356.7625,-1.4449999999999363,1737.7841666666666,-41.35794871794871,0,29005.807999999997
1994-03,0.29,360.11,358.41,1740.84,316.3,47.5,1994,22974.598,7336.296,2286.923,6668.908,586.744,8513.747,9196.235,4040.174,38666.152,17467.422,5675551258.0,43033605109062.0,3,410,1.0699999999999932,356.74666666666667,-0.540000000000191,1738.1383333333333,-48.75794871794871,0,29005.807999999997
1994-03,0.29,360.11,358.41,1741.95,316.3,47.5,1994,22974.598,7336.296,2286.923,6668.908,586.744,8513.747,9196.235,4040.174,38666.152,17467.422,5675551258.0,43033605109062.0,3,410,0.0,356.7858333333333,1.1100000000001273,1739.0608333333332,-48.75794871794871,0,29005.807999999997
1994-04,0.41,361.36,358.59,1741.97,316.3,27.4,1994,22974.598,7336.296,2286.923,6668.908,586.744,8513.747,9196.235,4040.174,38666.152,17467.422,5675551258.0,43033605109062.0,4,411,1.25,357.1116666666667,0.01999999999998181,1740.1045833333335,-68.85794871794872,0,29005.807999999997
1994-05,0.28,361.78,358.59,1741.99,316.3,29.8,1994,22974.598,7336.296,2286.923,6668.908,586.744,8513.747,9196.235,4040.174,38666.152,17467.422,5675551258.0,43033605109062.0,5,412,0.4199999999999591,357.6133333333333,0.01999999999998181,1741.2695833333335,-66.45794871794871,0,29005.807999999997
1994-05,0.28,361.78,358.59,1740.73,316.3,29.8,1994,22974.598,7336.296,2286.923,6668.908,586.744,8513.747,9196.235,4040.174,38666.152,17467.422,5675551258.0,43033605109062.0,5,412,0.0,358.25,-1.259999999999991,1742.0687500000001,-66.45794871794871,0,29005.807999999997
1994-06,0.43,360.94,358.57,1736.89,316.3,39.7,1994,22974.598,7336.296,2286.923,6668.908,586.744,8513.747,9196.235,4040.174,38666.152,17467.422,5675551258.0,43033605109062.0,6,413,-0.839999999999975,358.81666666666666,-3.839999999999918,1741.9395833333335,-56.557948717948705,0,29005.807999999997
1994-07,0.3,359.51,358.91,1734.5900000000001,316.3,50.6,1994,22974.598,7336.296,2286.923,6668.908,586.744,8513.747,9196.235,4040.174,38666.152,17467.422,5675551258.0,43033605109062.0,7,414,-1.4300000000000068,359.25666666666666,-2.2999999999999545,1741.3362500000003,-45.657948717948706,0,29005.807999999997
1994-08,0.21,357.59,359.29,1732.29,316.3,34.3,1994,22974.598,7336.296,2286.923,6668.908,586.744,8513.747,9196.235,4040.174,38666.152,17467.422,5675551258.0,43033605109062.0,8,415,-1.920000000000016,359.42833333333334,-2.300000000000182,1740.25875,-61.95794871794871,0,29005.807999999997
1994-09,0.31,355.86,359.31,1734.04,316.3,40.5,1994,22974.598,7336.296,2286.923,6668.908,586.744,8513.747,9196.235,4040.174,38666.152,17467.422,5675551258.0,43033605109062.0,9,416,-1.7299999999999613,359.4558333333334,1.75,1739.4804166666665,-55.75794871794871,0,29005.807999999997
1994-09,0.31,355.86,359.31,1742.94,316.3,40.5,1994,22974.598,7336.296,2286.923,6668.908,586.744,8513.747,9196.235,4040.174,38666.152,17467.422,5675551258.0,43033605109062.0,9,416,0.0,359.35833333333335,8.900000000000091,1739.3695833333331,-55.75794871794871,0,29005.807999999997
1994-10,0.42,356.21,359.63,1747.1100000000001,316.3,67.1,1994,22974.598,7336.296,2286.923,6668.908,586.744,8513.747,9196.235,4040.174,38666.152,17467.422,5675551258.0,43033605109062.0,10,417,0.3499999999999659,359.1791666666666,4.170000000000073,1739.7266666666667,-29.157948717948713,0,29005.807999999997
1994-11,0.44,357.65,359.8,1751.28,316.3,29.5,1994,22974.598,7336.296,2286.923,6668.908,586.744,8513.747,9196.235,4040.174,38666.152,17467.422,5675551258.0,43033605109062.0,11,418,1.4399999999999977,359.06333333333333,4.169999999999845,1740.551666666667,-66.75794871794871,0,29005.807999999997
1994-11,0.44,357.65,359.8,1749.79,316.3,29.5,1994,22974.598,7336.296,2286.923,6668.908,586.744,8513.747,9196.235,4040.174,38666.152,17467.422,5675551258.0,43033605109062.0,11,418,0.0,358.85833333333335,-1.490000000000009,1741.2975,-66.75794871794871,0,29005.807999999997
1994-12,0.38,359.1,359.96,1751.65,316.3,32.2,1994,22974.598,7336.296,2286.923,6668.908,586.744,8513.747,9196.235,4040.174,38666.152,17467.422,5675551258.0,43033605109062.0,12,419,1.4500000000000455,358.77416666666664,1.8600000000001273,1742.1058333333333,-64.0579487179487,0,29005.807999999997
1995-01,0.52,360.04,359.91,1751.395,316.3,32.6,1995,23516.639,7426.246,2342.963,6278.081,620.204,8758.441,9283.901,4196.848,38933.977,17592.896,5758878977.0,43033605109062.0,1,420,0.9399999999999977,358.66416666666663,-0.25500000000010914,1742.89125,-63.657948717948706,0,29137.475000000006
1995-02,0.79,361.0,360.18,1751.14,316.3,45.8,1995,23516.639,7426.246,2342.963,6278.081,620.204,8758.441,9283.901,4196.848,38933.977,17592.896,5758878977.0,43033605109062.0,2,421,0.9599999999999795,358.59916666666663,-0.25499999999988177,1743.6537500000002,-50.45794871794871,0,29137.475000000006
1995-03,0.46,361.98,360.37,1749.5,316.3,46.3,1995,23516.639,7426.246,2342.963,6278.081,620.204,8758.441,9283.901,4196.848,38933.977,17592.896,5758878977.0,43033605109062.0,3,422,0.9800000000000182,358.6158333333333,-1.6400000000001,1744.3845833333335,-49.95794871794871,0,29137.475000000006
1995-03,0.46,361.98,360.37,1748.99,316.3,46.3,1995,23516.639,7426.246,2342.963,6278.081,620.204,8758.441,9283.901,4196.848,38933.977,17592.896,5758878977.0,43033605109062.0,3,422,0.0,358.70250000000004,-0.5099999999999909,1745.3929166666667,-49.95794871794871,0,29137.475000000006
1995-04,0.46,363.44,360.76,1749.205,316.3,21.6,1995,23516.639,7426.246,2342.963,6278.081,620.204,8758.441,9283.901,4196.848,38933.977,17592.896,5758878977.0,43033605109062.0,4,423,1.4599999999999795,359.03,0.21499999999991815,1746.6108333333332,-74.6579487179487,0,29137.475000000006
1995-05,0.27,363.83,360.73,1749.42,316.3,19.4,1995,23516.639,7426.246,2342.963,6278.081,620.204,8758.441,9283.901,4196.848,38933.977,17592.896,5758878977.0,43033605109062.0,5,424,0.38999999999998636,359.54999999999995,0.21500000000014552,1748.0383333333336,-76.85794871794872,0,29137.475000000006
1995-05,0.27,363.83,360.73,1747.65,316.3,19.4,1995,23516.639,7426.246,2342.963,6278.081,620.204,8758.441,9283.901,4196.848,38933.977,17592.896,5758878977.0,43033605109062.0,5,424,0.0,360.21416666666664,-1.7699999999999818,1749.1725,-76.85794871794872,0,29137.475000000006
1995-06,0.43,363.33,360.98,1742.83,316.3,22.5,1995,23516.639,7426.246,2342.963,6278.081,620.204,8758.441,9283.901,4196.848,38933.977,17592.896,5758878977.0,43033605109062.0,6,425,-0.5,360.83666666666664,-4.820000000000164,1749.1633333333336,-73.75794871794871,0,29137.475000000006
1995-07,0.45,361.78,361.1,1741.5,316.3,20.4,1995,23516.639,7426.246,2342.963,6278.081,620.204,8758.441,9283.901,4196.848,38933.977,17592.896,5758878977.0,43033605109062.0,7,426,-1.5500000000000114,361.3008333333333,-1.3299999999999272,1748.6958333333334,-75.85794871794872,0,29137.475000000006
1995-08,0.45,359.33,360.93,1740.17,316.3,18.2,1995,23516.639,7426.246,2342.963,6278.081,620.204,8758.441,9283.901,4196.848,38933.977,17592.896,5758878977.0,43033605109062.0,8,427,-2.4499999999999886,361.44083333333333,-1.3299999999999272,1747.7699999999998,-78.0579487179487,0,29137.475000000006
1995-09,0.33,358.32,361.7,1743.59,316.3,15.7,1995,23516.639,7426.246,2342.963,6278.081,620.204,8758.441,9283.901,4196.848,38933.977,17592.896,5758878977.0,43033605109062.0,9,428,-1.009999999999991,361.49666666666667,3.4199999999998454,1747.2533333333333,-80.5579487179487,0,29137.475000000006
1995-09,0.33,358.32,361.7,1749.77,316.3,15.7,1995,23516.639,7426.246,2342.963,6278.081,620.204,8758.441,9283.901,4196.848,38933.977,17592.896,5758878977.0,43033605109062.0,9,428,0.0,361.4316666666667,6.180000000000064,1747.0966666666666,-80.5579487179487,0,29137.475000000006
1995-10,0.46,358.14,361.52,1752.6399999999999,316.3,30.6,1995,23516.639,7426.246,2342.963,6278.081,620.204,8758.441,9283.901,4196.848,38933.977,17592.896,5758878977.0,43033605109062.0,10,429,-0.18000000000000682,361.2733333333333,2.869999999999891,1747.2004166666666,-65.6579487179487,0,29137.475000000006
1995-11,0.44,359.61,361.75,1755.51,316.3,14.0,1995,23516.639,7426.246,2342.963,6278.081,620.204,8758.441,9283.901,4196.848,38933.977,17592.896,5758878977.0,43033605109062.0,11,430,1.4700000000000273,361.15749999999997,2.8700000000001182,1747.5645833333335,-82.25794871794871,0,29137.475000000006
1995-11,0.44,359.61,361.75,1754.35,316.3,14.0,1995,23516.639,7426.246,2342.963,6278.081,620.204,8758.441,9283.901,4196.848,38933.977,17592.896,5758878977.0,43033605109062.0,11,430,0.0,360.96,-1.1600000000000819,1747.96875,-82.25794871794871,0,29137.475000000006
1995-12,0.26,360.82,361.67,1753.85,316.3,14.9,1995,23516.639,7426.246,2342.963,6278.081,620.204,8758.441,9283.901,4196.848,38933.977,17592.896,5758878977.0,43033605109062.0,12,431,1.2099999999999795,360.8633333333333,-0.5,1748.3737499999997,-81.3579487179487,0,29137.475000000006
1996-01,0.24,362.2,361.98,1753.045,316.3,13.3,1996,24233.477,7512.808,2393.537,6541.828,633.559,8976.964,9562.137,4381.599,39997.945,17844.033,5842055730.0,43033605109062.0,1,432,1.3799999999999955,360.76,-0.8049999999998363,1748.6937500000001,-82.95794871794871,0,30096.087000000007
1996-02,0.46,363.36,362.47,1752.24,316.3,7.7,1996,24233.477,7512.808,2393.537,6541.828,633.559,8976.964,9562.137,4381.599,39997.945,17844.033,5842055730.0,43033605109062.0,2,433,1.160000000000025,360.7208333333333,-0.8050000000000637,1748.9287499999998,-88.5579487179487,0,30096.087000000007
1996-03,0.32,364.28,362.64,1752.74,316.3,12.6,1996,24233.477,7512.808,2393.537,6541.828,633.559,8976.964,9562.137,4381.599,39997.945,17844.033,5842055730.0,43033605109062.0,3,434,0.9199999999999591,360.7583333333334,0.5,1749.3529166666667,-83.65794871794871,0,30096.087000000007
1996-03,0.32,364.28,362.64,1752.23,316.3,12.6,1996,24233.477,7512.808,2393.537,6541.828,633.559,8976.964,9562.137,4381.599,39997.945,17844.033,5842055730.0,43033605109062.0,3,434,0.0,360.83750000000003,-0.5099999999999909,1750.1362499999998,-83.65794871794871,0,30096.087000000007
1996-04,0.33,364.69,361.99,1750.2649999999999,316.3,6.8,1996,24233.477,7512.808,2393.537,6541.828,633.559,8976.964,9562.137,4381.599,39997.945,17844.033,5842055730.0,43033605109062.0,4,435,0.410000000000025,361.08,-1.9650000000001455,1750.8666666666666,-89.45794871794871,0,30096.087000000007
1996-05,0.27,365.25,362.23,1748.3,316.3,7.6,1996,24233.477,7512.808,2393.537,6541.828,633.559,8976.964,9562.137,4381.599,39997.945,17844.033,5842055730.0,43033605109062.0,5,436,0.5600000000000023,361.5733333333333,-1.9649999999999181,1751.5441666666666,-88.65794871794871,0,30096.087000000007
1996-05,0.27,365.25,362.23,1749.62,316.3,7.6,1996,24233.477,7512.808,2393.537,6541.828,633.559,8976.964,9562.137,4381.599,39997.945,17844.033,5842055730.0,43033605109062.0,5,436,0.0,362.15083333333337,1.3199999999999363,1752.0466666666669,-88.65794871794871,0,30096.087000000007
1996-06,0.25,365.06,362.82,1746.04,316.3,16.5,1996,24233.477,7512.808,2393.537,6541.828,633.559,8976.964,9562.137,4381.599,39997.945,17844.033,5842055730.0,43033605109062.0,6,437,-0.18999999999999773,362.71250000000003,-3.5799999999999272,1751.7358333333332,-79.75794871794871,0,30096.087000000007
1996-07,0.36,363.69,362.98,1744.0549999999998,316.3,11.8,1996,24233.477,7512.808,2393.537,6541.828,633.559,8976.964,9562.137,4381.599,39997.945,17844.033,5842055730.0,43033605109062.0,7,438,-1.3700000000000045,363.175,-1.9850000000001273,1751.0204166666665,-84.45794871794871,0,30096.087000000007
1996-08,0.48,361.55,363.13,1742.07,316.3,19.7,1996,24233.477,7512.808,2393.537,6541.828,633.559,8976.964,9562.137,4381.599,39997.945,17844.033,5842055730.0,43033605109062.0,8,439,-2.1399999999999864,363.33666666666664,-1.9849999999999,1749.9004166666664,-76.5579487179487,0,30096.087000000007
1996-09,0.25,359.69,363.14,1744.29,316.3,3.0,1996,24233.477,7512.808,2393.537,6541.828,633.559,8976.964,9562.137,4381.599,39997.945,17844.033,5842055730.0,43033605109062.0,9,440,-1.8600000000000136,363.3433333333333,2.2200000000000273,1749.0620833333332,-93.25794871794871,0,30096.087000000007
1996-09,0.25,359.69,363.14,1752.62,316.3,3.0,1996,24233.477,7512.808,2393.537,6541.828,633.559,8976.964,9562.137,4381.599,39997.945,17844.033,5842055730.0,43033605109062.0,9,440,0.0,363.24916666666667,8.329999999999927,1748.9595833333333,-93.25794871794871,0,30096.087000000007
1996-10,0.22,359.72,363.12,1755.7649999999999,316.3,0.7,1996,24233.477,7512.808,2393.537,6541.828,633.559,8976.964,9562.137,4381.599,39997.945,17844.033,5842055730.0,43033605109062.0,10,441,0.03000000000002956,363.0425,3.144999999999982,1749.18625,-95.5579487179487,0,30096.087000000007
1996-11,0.41,361.04,363.18,1758.91,316.3,24.9,1996,24233.477,7512.808,2393.537,6541.828,633.559,8976.964,9562.137,4381.599,39997.945,17844.033,5842055730.0,43033605109062.0,11,442,1.3199999999999932,362.8491666666667,3.145000000000209,1749.7420833333335,-71.35794871794872,0,30096.087000000007
1996-11,0.41,361.04,363.18,1760.1,316.3,24.9,1996,24233.477,7512.808,2393.537,6541.828,633.559,8976.964,9562.137,4381.599,39997.945,17844.033,5842055730.0,43033605109062.0,11,442,0.0,362.57916666666665,1.1899999999998272,1750.3554166666665,-71.35794871794872,0,30096.087000000007
1996-12,0.37,362.39,363.23,1756.96,316.3,14.0,1996,24233.477,7512.808,2393.537,6541.828,633.559,8976.964,9562.137,4381.599,39997.945,17844.033,5842055730.0,43033605109062.0,12,443,1.349999999999966,362.4216666666667,-3.1399999999998727,1750.7495833333332,-82.25794871794871,0,30096.087000000007
1997-01,0.32,363.24,363.03,1755.18,316.3,7.4,1997,24380.322,7485.23,2350.142,8019.617,658.829,8927.3,9702.211,4395.058,41519.98,17767.602,5924787819.0,43033605109062.0,1,444,0.8500000000000227,362.3008333333334,-1.7799999999999727,1751.1591666666666,-88.8579487179487,0,31703.015
1997-02,0.4,364.21,363.4,1753.4,316.3,11.0,1997,24380.322,7485.23,2350.142,8019.617,658.829,8927.3,9702.211,4395.058,41519.98,17767.602,5924787819.0,43033605109062.0,2,445,0.9699999999999704,362.2141666666667,-1.7799999999999727,1751.5841666666668,-85.25794871794871,0,31703.015
1997-03,0.52,364.65,363.02,1753.86,316.3,12.1,1997,24380.322,7485.23,2350.142,8019.617,658.829,8927.3,9702.211,4395.058,41519.98,17767.602,5924787819.0,43033605109062.0,3,446,0.4399999999999977,362.1641666666667,0.459999999999809,1751.9375,-84.15794871794871,0,31703.015
1997-03,0.52,364.65,363.02,1755.67,316.3,12.1,1997,24380.322,7485.23,2350.142,8019.617,658.829,8927.3,9702.211,4395.058,41519.98,17767.602,5924787819.0,43033605109062.0,3,446,0.0,362.12999999999994,1.8100000000001728,1752.74,-84.15794871794871,0,31703.015
1997-04,0.33,366.49,363.82,1755.6,316.3,23.0,1997,24380.322,7485.23,2350.142,8019.617,658.829,8927.3,9702.211,4395.058,41519.98,17767.602,5924787819.0,43033605109062.0,4,447,1.8400000000000318,362.3633333333334,-0.07000000000016371,1753.7020833333333,-73.25794871794871,0,31703.015
1997-05,0.34,366.77,363.87,1755.53,316.3,25.4,1997,24380.322,7485.23,2350.142,8019.617,658.829,8927.3,9702.211,4395.058,41519.98,17767.602,5924787819.0,43033605109062.0,5,448,0.2799999999999727,362.79833333333335,-0.06999999999993634,1754.8237500000002,-70.85794871794872,0,31703.015
1997-05,0.34,366.77,363.87,1753.81,316.3,25.4,1997,24380.322,7485.23,2350.142,8019.617,658.829,8927.3,9702.211,4395.058,41519.98,17767.602,5924787819.0,43033605109062.0,5,448,0.0,363.3883333333333,-1.7200000000000273,1755.6170833333333,-70.85794871794872,0,31703.015
1997-06,0.54,365.73,363.56,1750.08,316.3,20.8,1997,24380.322,7485.23,2350.142,8019.617,658.829,8927.3,9702.211,4395.058,41519.98,17767.602,5924787819.0,43033605109062.0,6,449,-1.0399999999999636,363.89166666666665,-3.730000000000018,1755.4054166666667,-75.45794871794871,0,31703.015
1997-07,0.33,364.46,363.74,1748.065,316.3,12.9,1997,24380.322,7485.23,2350.142,8019.617,658.829,8927.3,9702.211,4395.058,41519.98,17767.602,5924787819.0,43033605109062.0,7,450,-1.2700000000000387,364.2866666666667,-2.0149999999998727,1754.7637499999998,-83.3579487179487,0,31703.015
1997-08,0.41,362.4,363.98,1746.05,316.3,35.7,1997,24380.322,7485.23,2350.142,8019.617,658.829,8927.3,9702.211,4395.058,41519.98,17767.602,5924787819.0,43033605109062.0,8,451,-2.0600000000000023,364.40000000000003,-2.0150000000001,1753.6920833333331,-60.557948717948705,0,31703.015
1997-09,0.52,360.44,363.83,1747.75,316.3,59.7,1997,24380.322,7485.23,2350.142,8019.617,658.829,8927.3,9702.211,4395.058,41519.98,17767.602,5924787819.0,43033605109062.0,9,452,-1.9599999999999795,364.34999999999997,1.7000000000000455,1752.6629166666664,-36.557948717948705,0,31703.015
1997-09,0.52,360.44,363.83,1754.97,316.3,59.7,1997,24380.322,7485.23,2350.142,8019.617,658.829,8927.3,9702.211,4395.058,41519.98,17767.602,5924787819.0,43033605109062.0,9,452,0.0,364.1875,7.220000000000027,1752.4970833333334,-36.557948717948705,0,31703.015
1997-10,0.61,360.97,364.28,1757.63,316.3,32.8,1997,24380.322,7485.23,2350.142,8019.617,658.829,8927.3,9702.211,4395.058,41519.98,17767.602,5924787819.0,43033605109062.0,10,453,0.5300000000000296,363.9983333333333,2.660000000000082,1752.70125,-63.45794871794871,0,31703.015
1997-11,0.64,362.65,364.71,1760.29,316.3,50.4,1997,24380.322,7485.23,2350.142,8019.617,658.829,8927.3,9702.211,4395.058,41519.98,17767.602,5924787819.0,43033605109062.0,11,454,1.67999999999995,363.86833333333334,2.6599999999998545,1753.2754166666666,-45.85794871794871,0,31703.015
1997-11,0.64,362.65,364.71,1761.71,316.3,50.4,1997,24380.322,7485.23,2350.142,8019.617,658.829,8927.3,9702.211,4395.058,41519.98,17767.602,5924787819.0,43033605109062.0,11,454,0.0,363.70166666666665,1.4200000000000728,1753.9295833333333,-45.85794871794871,0,31703.015
1997-12,0.59,364.51,365.28,1761.89,316.3,55.5,1997,24380.322,7485.23,2350.142,8019.617,658.829,8927.3,9702.211,4395.058,41519.98,17767.602,5924787819.0,43033605109062.0,12,455,1.8600000000000136,363.69,0.18000000000006366,1754.4479166666667,-40.75794871794871,0,31703.015
1998-01,0.58,365.39,365.19,1761.68,316.3,44.5,1998,24295.713,7419.233,2378.566,6792.238,656.596,8689.001,9821.975,4443.504,40128.703,17621.312,6007066691.0,43033605109062.0,1,456,0.8799999999999955,363.59833333333336,-0.21000000000003638,1754.9545833333334,-51.75794871794871,0,30403.314000000006
1998-02,0.88,366.1,365.29,1761.47,316.3,50.2,1998,24295.713,7419.233,2378.566,6792.238,656.596,8689.001,9821.975,4443.504,40128.703,17621.312,6007066691.0,43033605109062.0,2,457,0.7100000000000364,363.5425,-0.21000000000003638,1755.4495833333333,-46.057948717948705,0,30403.314000000006
1998-03,0.63,367.36,365.73,1761.48,316.3,82.0,1998,24295.713,7419.233,2378.566,6792.238,656.596,8689.001,9821.975,4443.504,40128.703,17621.312,6007066691.0,43033605109062.0,3,458,1.259999999999991,363.5916666666667,0.009999999999990905,1756.0887500000001,-14.257948717948707,0,30403.314000000006
1998-03,0.63,367.36,365.73,1762.96,316.3,82.0,1998,24295.713,7419.233,2378.566,6792.238,656.596,8689.001,9821.975,4443.504,40128.703,17621.312,6007066691.0,43033605109062.0,3,458,0.0,363.72749999999996,1.4800000000000182,1757.1620833333334,-14.257948717948707,0,30403.314000000006
1998-04,0.63,368.79,366.17,1763.835,316.3,70.6,1998,24295.713,7419.233,2378.566,6792.238,656.596,8689.001,9821.975,4443.504,40128.703,17621.312,6007066691.0,43033605109062.0,4,459,1.4300000000000068,364.08833333333337,0.875,1758.47625,-25.657948717948713,0,30403.314000000006
1998-05,0.68,369.56,366.68,1764.71,316.3,74.0,1998,24295.713,7419.233,2378.566,6792.238,656.596,8689.001,9821.975,4443.504,40128.703,17621.312,6007066691.0,43033605109062.0,5,460,0.7699999999999818,364.685,0.875,1760.0312500000002,-22.257948717948707,0,30403.314000000006
1998-05,0.68,369.56,366.68,1764.25,316.3,74.0,1998,24295.713,7419.233,2378.566,6792.238,656.596,8689.001,9821.975,4443.504,40128.703,17621.312,6007066691.0,43033605109062.0,5,460,0.0,365.445,-0.4600000000000364,1761.4062500000002,-22.257948717948707,0,30403.314000000006
1998-06,0.77,369.13,366.95,1760.33,316.3,90.5,1998,24295.713,7419.233,2378.566,6792.238,656.596,8689.001,9821.975,4443.504,40128.703,17621.312,6007066691.0,43033605109062.0,6,461,-0.4300000000000068,366.16916666666674,-3.9200000000000728,1761.8529166666667,-5.757948717948707,0,30403.314000000006
1998-07,0.66,367.98,367.29,1758.245,316.3,96.7,1998,24295.713,7419.233,2378.566,6792.238,656.596,8689.001,9821.975,4443.504,40128.703,17621.312,6007066691.0,43033605109062.0,7,462,-1.1499999999999773,366.75333333333333,-2.0850000000000364,1761.9041666666665,0.4420512820512954,0,30403.314000000006
1998-08,0.65,366.1,367.69,1756.16,316.3,121.1,1998,24295.713,7419.233,2378.566,6792.238,656.596,8689.001,9821.975,4443.504,40128.703,17621.312,6007066691.0,43033605109062.0,8,463,-1.8799999999999955,367.0408333333333,-2.084999999999809,1761.5599999999997,24.842051282051287,0,30403.314000000006
1998-09,0.42,364.16,367.51,1760.19,316.3,132.0,1998,24295.713,7419.233,2378.566,6792.238,656.596,8689.001,9821.975,4443.504,40128.703,17621.312,6007066691.0,43033605109062.0,9,464,-1.9399999999999977,367.1666666666667,4.029999999999973,1761.4333333333334,35.74205128205129,0,30403.314000000006
1998-09,0.42,364.16,367.51,1770.66,316.3,132.0,1998,24295.713,7419.233,2378.566,6792.238,656.596,8689.001,9821.975,4443.504,40128.703,17621.312,6007066691.0,43033605109062.0,9,464,0.0,367.13750000000005,10.470000000000027,1762.1641666666667,35.74205128205129,0,30403.314000000006
1998-10,0.42,364.54,367.82,1773.45,316.3,78.5,1998,24295.713,7419.233,2378.566,6792.238,656.596,8689.001,9821.975,4443.504,40128.703,17621.312,6007066691.0,43033605109062.0,10,465,0.37999999999999545,367.06666666666666,2.7899999999999636,1763.1450000000002,-17.757948717948707,0,30403.314000000006
1998-11,0.43,365.67,367.7,1776.24,316.3,97.3,1998,24295.713,7419.233,2378.566,6792.238,656.596,8689.001,9821.975,4443.504,40128.703,17621.312,6007066691.0,43033605109062.0,11,466,1.1299999999999955,367.0308333333333,2.7899999999999636,1764.3758333333333,1.0420512820512897,0,30403.314000000006
1998-11,0.43,365.67,367.7,1775.51,316.3,97.3,1998,24295.713,7419.233,2378.566,6792.238,656.596,8689.001,9821.975,4443.504,40128.703,17621.312,6007066691.0,43033605109062.0,11,466,0.0,366.89000000000004,-0.7300000000000182,1765.545,1.0420512820512897,0,30403.314000000006
1998-12,0.54,367.3,368.05,1774.06,316.3,119.2,1998,24295.713,7419.233,2378.566,6792.238,656.596,8689.001,9821.975,4443.504,40128.703,17621.312,6007066691.0,43033605109062.0,12,467,1.6299999999999955,366.885,-1.4500000000000455,1766.47,22.942051282051295,0,30403.314000000006
1999-01,0.48,368.35,368.13,1773.925,316.3,86.0,1999,24837.771,7436.038,2398.701,6561.857,688.047,8809.093,10064.188,4586.166,40450.992,17673.488,6089006328.0,43033605109062.0,1,468,1.0500000000000114,366.84833333333336,-0.1349999999999909,1767.3108333333332,-10.257948717948707,0,30709.351000000002
1999-02,0.64,369.28,368.46,1773.79,316.3,98.0,1999,24837.771,7436.038,2398.701,6561.857,688.047,8809.093,10064.188,4586.166,40450.992,17673.488,6089006328.0,43033605109062.0,2,469,0.92999999999995,366.82500000000005,-0.1349999999999909,1768.0674999999999,1.7420512820512926,0,30709.351000000002
1999-03,0.32,369.84,368.24,1773.89,316.3,103.5,1999,24837.771,7436.038,2398.701,6561.857,688.047,8809.093,10064.188,4586.166,40450.992,17673.488,6089006328.0,43033605109062.0,3,470,0.5600000000000023,366.84833333333336,0.10000000000013642,1768.8708333333332,7.242051282051293,0,30709.351000000002
1999-03,0.32,369.84,368.24,1774.57,316.3,103.5,1999,24837.771,7436.038,2398.701,6561.857,688.047,8809.093,10064.188,4586.166,40450.992,17673.488,6089006328.0,43033605109062.0,3,470,0.0,366.9075,0.6799999999998363,1770.0575,7.242051282051293,0,30709.351000000002
1999-04,0.31,371.15,368.62,1774.76,316.3,93.6,1999,24837.771,7436.038,2398.701,6561.857,688.047,8809.093,10064.188,4586.166,40450.992,17673.488,6089006328.0,43033605109062.0,4,471,1.3100000000000023,367.1716666666667,0.19000000000005457,1771.4337500000001,-2.657948717948713,0,30709.351000000002
1999-05,0.26,371.12,368.31,1774.95,316.3,149.6,1999,24837.771,7436.038,2398.701,6561.857,688.047,8809.093,10064.188,4586.166,40450.992,17673.488,6089006328.0,43033605109062.0,5,472,-0.029999999999972715,367.59,0.19000000000005457,1772.9995833333335,53.34205128205129,0,30709.351000000002
1999-05,0.26,371.12,368.31,1772.65,316.3,149.6,1999,24837.771,7436.038,2398.701,6561.857,688.047,8809.093,10064.188,4586.166,40450.992,17673.488,6089006328.0,43033605109062.0,5,472,0.0,368.17,-2.2999999999999545,1774.0379166666664,53.34205128205129,0,30709.351000000002
1999-06,0.36,370.46,368.29,1767.33,316.3,207.2,1999,24837.771,7436.038,2398.701,6561.857,688.047,8809.093,10064.188,4586.166,40450.992,17673.488,6089006328.0,43033605109062.0,6,473,-0.660000000000025,368.695,-5.320000000000164,1773.7604166666667,110.94205128205128,0,30709.351000000002
1999-07,0.38,369.61,368.93,1765.135,316.3,173.5,1999,24837.771,7436.038,2398.701,6561.857,688.047,8809.093,10064.188,4586.166,40450.992,17673.488,6089006328.0,43033605109062.0,7,474,-0.8499999999999659,369.1175,-2.1949999999999363,1773.0674999999999,77.24205128205129,0,30709.351000000002
1999-08,0.31,367.06,368.63,1762.94,316.3,142.3,1999,24837.771,7436.038,2398.701,6561.857,688.047,8809.093,10064.188,4586.166,40450.992,17673.488,6089006328.0,43033605109062.0,8,475,-2.5500000000000114,369.23333333333335,-2.1949999999999363,1771.9591666666668,46.042051282051304,0,30709.351000000002
1999-09,0.38,364.95,368.28,1764.63,316.3,106.3,1999,24837.771,7436.038,2398.701,6561.857,688.047,8809.093,10064.188,4586.166,40450.992,17673.488,6089006328.0,43033605109062.0,9,476,-2.1100000000000136,369.17333333333335,1.6900000000000546,1771.0524999999998,10.04205128205129,0,30709.351000000002
1999-09,0.38,364.95,368.28,1771.02,316.3,106.3,1999,24837.771,7436.038,2398.701,6561.857,688.047,8809.093,10064.188,4586.166,40450.992,17673.488,6089006328.0,43033605109062.0,9,476,0.0,368.97749999999996,6.389999999999873,1770.7991666666667,10.04205128205129,0,30709.351000000002
1999-10,0.34,365.52,368.8,1773.815,316.3,168.7,1999,24837.771,7436.038,2398.701,6561.857,688.047,8809.093,10064.188,4586.166,40450.992,17673.488,6089006328.0,43033605109062.0,10,477,0.5699999999999932,368.7416666666666,2.7950000000000728,1770.7900000000002,72.44205128205128,0,30709.351000000002
1999-11,0.37,366.88,368.86,1776.61,316.3,188.3,1999,24837.771,7436.038,2398.701,6561.857,688.047,8809.093,10064.188,4586.166,40450.992,17673.488,6089006328.0,43033605109062.0,11,478,1.3600000000000136,368.5416666666667,2.7949999999998454,1771.0249999999999,92.0420512820513,0,30709.351000000002
1999-11,0.37,366.88,368.86,1778.53,316.3,188.3,1999,24837.771,7436.038,2398.701,6561.857,688.047,8809.093,10064.188,4586.166,40450.992,17673.488,6089006328.0,43033605109062.0,11,478,0.0,368.295,1.9200000000000728,1771.4116666666669,92.0420512820513,0,30709.351000000002
1999-12,0.4,368.26,368.93,1777.23,316.3,116.8,1999,24837.771,7436.038,2398.701,6561.857,688.047,8809.093,10064.188,4586.166,40450.992,17673.488,6089006328.0,43033605109062.0,12,479,1.3799999999999955,368.16333333333336,-1.2999999999999545,1771.6333333333334,20.54205128205129,0,30709.351000000002
2000-01,0.25,369.45,369.24,1776.385,316.3,133.1,2000,25511.482,7544.741,2390.251,6145.762,718.165,9156.638,10211.624,4727.823,40795.379,17890.75,6171702992.0,59897670914608.0,1,480,1.1899999999999977,368.0216666666667,-0.8450000000000273,1771.76875,36.84205128205129,0,30960.012000000002
2000-02,0.55,369.71,368.99,1775.54,316.3,165.7,2000,25511.482,7544.741,2390.251,6145.762,718.165,9156.638,10211.624,4727.823,40795.379,17890.75,6171702992.0,59897670914608.0,2,481,0.2599999999999909,367.90416666666664,-0.8450000000000273,1771.8179166666666,69.44205128205128,0,30960.012000000002
2000-03,0.55,370.75,369.24,1775.45,316.3,217.7,2000,25511.482,7544.741,2390.251,6145.762,718.165,9156.638,10211.624,4727.823,40795.379,17890.75,6171702992.0,59897670914608.0,3,482,1.0400000000000205,367.8733333333333,-0.08999999999991815,1772.0512500000002,121.44205128205128,0,30960.012000000002
2000-03,0.55,370.75,369.24,1776.49,316.3,217.7,2000,25511.482,7544.741,2390.251,6145.762,718.165,9156.638,10211.624,4727.823,40795.379,17890.75,6171702992.0,59897670914608.0,3,482,0.0,367.8975,1.0399999999999636,1772.814583333333,121.44205128205128,0,30960.012000000002
2000-04,0.56,371.98,369.44,1776.85,316.3,191.5,2000,25511.482,7544.741,2390.251,6145.762,718.165,9156.638,10211.624,4727.823,40795.379,17890.75,6171702992.0,59897670914608.0,4,483,1.2300000000000182,368.095,0.35999999999989996,1773.7908333333335,95.24205128205129,0,30960.012000000002
2000-05,0.35,371.75,368.87,1777.21,316.3,165.9,2000,25511.482,7544.741,2390.251,6145.762,718.165,9156.638,10211.624,4727.823,40795.379,17890.75,6171702992.0,59897670914608.0,5,484,-0.2300000000000182,368.48583333333335,0.36000000000012733,1774.9799999999998,69.6420512820513,0,30960.012000000002
2000-05,0.35,371.75,368.87,1774.57,316.3,165.9,2000,25511.482,7544.741,2390.251,6145.762,718.165,9156.638,10211.624,4727.823,40795.379,17890.75,6171702992.0,59897670914608.0,5,484,0.0,369.0525,-2.6400000000001,1775.8083333333334,69.6420512820513,0,30960.012000000002
2000-06,0.4,371.87,369.66,1768.13,316.3,188.0,2000,25511.482,7544.741,2390.251,6145.762,718.165,9156.638,10211.624,4727.823,40795.379,17890.75,6171702992.0,59897670914608.0,6,485,0.12000000000000455,369.62916666666666,-6.439999999999827,1775.5675,91.74205128205129,0,30960.012000000002
2000-07,0.39,370.02,369.36,1765.795,316.3,244.3,2000,25511.482,7544.741,2390.251,6145.762,718.165,9156.638,10211.624,4727.823,40795.379,17890.75,6171702992.0,59897670914608.0,7,486,-1.8500000000000227,370.00416666666666,-2.3350000000000364,1774.8991666666664,148.04205128205132,0,30960.012000000002
2000-08,0.42,368.27,369.87,1763.46,316.3,180.5,2000,25511.482,7544.741,2390.251,6145.762,718.165,9156.638,10211.624,4727.823,40795.379,17890.75,6171702992.0,59897670914608.0,8,487,-1.75,370.11999999999995,-2.3350000000000364,1773.8033333333335,84.24205128205129,0,30960.012000000002
2000-09,0.38,367.15,370.46,1765.44,316.3,156.0,2000,25511.482,7544.741,2390.251,6145.762,718.165,9156.638,10211.624,4727.823,40795.379,17890.75,6171702992.0,59897670914608.0,9,488,-1.1200000000000045,370.1425,1.9800000000000182,1772.7124999999999,59.74205128205129,0,30960.012000000002
2000-09,0.38,367.15,370.46,1772.03,316.3,156.0,2000,25511.482,7544.741,2390.251,6145.762,718.165,9156.638,10211.624,4727.823,40795.379,17890.75,6171702992.0,59897670914608.0,9,488,0.0,370.05,6.589999999999918,1772.2791666666665,59.74205128205129,0,30960.012000000002
2000-10,0.26,367.18,370.42,1774.565,316.3,141.6,2000,25511.482,7544.741,2390.251,6145.762,718.165,9156.638,10211.624,4727.823,40795.379,17890.75,6171702992.0,59897670914608.0,10,489,0.03000000000002956,369.86083333333335,2.535000000000082,1772.1275000000003,45.34205128205129,0,30960.012000000002
2000-11,0.3,368.53,370.48,1777.1,316.3,158.1,2000,25511.482,7544.741,2390.251,6145.762,718.165,9156.638,10211.624,4727.823,40795.379,17890.75,6171702992.0,59897670914608.0,11,490,1.349999999999966,369.7625,2.5349999999998545,1772.2575,61.84205128205129,0,30960.012000000002
2000-11,0.3,368.53,370.48,1777.72,316.3,158.1,2000,25511.482,7544.741,2390.251,6145.762,718.165,9156.638,10211.624,4727.823,40795.379,17890.75,6171702992.0,59897670914608.0,11,490,0.0,369.57749999999993,0.6200000000001182,1772.4466666666667,61.84205128205129,0,30960.012000000002
2000-12,0.27,369.83,370.46,1775.3,316.3,143.3,2000,25511.482,7544.741,2390.251,6145.762,718.165,9156.638,10211.624,4727.823,40795.379,17890.75,6171702992.0,59897670914608.0,12,491,1.3000000000000114,369.5008333333333,-2.4200000000000728,1772.3475,47.042051282051304,0,30960.012000000002
2001-01,0.45,370.76,370.6,1774.085,316.3,142.6,2001,25692.994,7523.762,2385.423,5460.704,750.748,9208.429,10283.57,4771.715,40260.363,17824.848,6254936464.0,59897670914608.0,1,492,0.9300000000000068,369.39916666666664,-1.2149999999999181,1772.1170833333333,46.34205128205129,0,30475.165999999997
2001-02,0.43,371.69,370.95,1772.87,316.3,121.5,2001,25692.994,7523.762,2385.423,5460.704,750.748,9208.429,10283.57,4771.715,40260.363,17824.848,6254936464.0,59897670914608.0,2,493,0.9300000000000068,369.39416666666665,-1.2150000000001455,1771.7554166666666,25.242051282051293,0,30475.165999999997
2001-03,0.55,372.63,371.06,1772.52,316.31,165.8,2001,25692.994,7523.762,2385.423,5460.704,750.748,9208.429,10283.57,4771.715,40260.363,17824.848,6254936464.0,59897670914608.0,3,494,0.9399999999999977,369.4675,-0.34999999999990905,1771.5845833333333,69.5420512820513,0,30475.165999999997
2001-03,0.55,372.63,371.06,1772.52,316.21,165.8,2001,25692.994,7523.762,2385.423,5460.704,750.748,9208.429,10283.57,4771.715,40260.363,17824.848,6254936464.0,59897670914608.0,3,494,0.0,369.5308333333333,0.0,1771.9504166666666,69.5420512820513,0,30475.165999999997
2001-03,0.55,372.63,371.06,1773.65,316.31,165.8,2001,25692.994,7523.762,2385.423,5460.704,750.748,9208.429,10283.57,4771.715,40260.363,17824.848,6254936464.0,59897670914608.0,3,494,0.0,369.7483333333333,1.1300000000001091,1772.6050000000002,69.5420512820513,0,30475.165999999997
2001-03,0.55,372.63,371.06,1773.65,316.21,165.8,2001,25692.994,7523.762,2385.423,5460.704,750.748,9208.429,10283.57,4771.715,40260.363,17824.848,6254936464.0,59897670914608.0,3,494,0.0,370.1116666666667,0.0,1773.4541666666664,69.5420512820513,0,30475.165999999997
2001-04,0.5,373.55,370.99,1773.76,316.16499999999996,161.7,2001,25692.994,7523.762,2385.423,5460.704,750.748,9208.429,10283.57,4771.715,40260.363,17824.848,6254936464.0,59897670914608.0,4,495,0.9200000000000159,370.645,0.10999999999989996,1774.1475,65.44205128205128,0,30475.165999999997
2001-05,0.57,374.03,371.11,1773.87,316.12,142.1,2001,25692.994,7523.762,2385.423,5460.704,750.748,9208.429,10283.57,4771.715,40260.363,17824.848,6254936464.0,59897670914608.0,5,496,0.47999999999996135,371.2183333333333,0.10999999999989996,1774.3008333333335,45.84205128205129,0,30475.165999999997
2001-05,0.57,374.03,371.11,1773.87,316.11,142.1,2001,25692.994,7523.762,2385.423,5460.704,750.748,9208.429,10283.57,4771.715,40260.363,17824.848,6254936464.0,59897670914608.0,5,496,0.0,371.78916666666663,0.0,1774.2429166666664,45.84205128205129,0,30475.165999999997
2001-05,0.57,374.03,371.11,1770.88,316.12,142.1,2001,25692.994,7523.762,2385.423,5460.704,750.748,9208.429,10283.57,4771.715,40260.363,17824.848,6254936464.0,59897670914608.0,5,496,0.0,372.2475,-2.9899999999997817,1773.7245833333334,45.84205128205129,0,30475.165999999997
2001-05,0.57,374.03,371.11,1770.88,316.11,142.1,2001,25692.994,7523.762,2385.423,5460.704,750.748,9208.429,10283.57,4771.715,40260.363,17824.848,6254936464.0,59897670914608.0,5,496,0.0,372.7058333333334,0.0,1773.1545833333332,45.84205128205129,0,30475.165999999997
2001-06,0.52,373.4,371.18,1766.1,316.16,202.9,2001,25692.994,7523.762,2385.423,5460.704,750.748,9208.429,10283.57,4771.715,40260.363,17824.848,6254936464.0,59897670914608.0,6,497,-0.6299999999999955,373.00333333333333,-4.7800000000002,1772.3879166666666,106.6420512820513,0,30475.165999999997
2001-07,0.59,371.68,371.08,1764.56,316.19500000000005,123.0,2001,25692.994,7523.762,2385.423,5460.704,750.748,9208.429,10283.57,4771.715,40260.363,17824.848,6254936464.0,59897670914608.0,7,498,-1.7199999999999704,373.08,-1.5399999999999636,1771.5941666666668,26.742051282051293,0,30475.165999999997
2001-08,0.48,369.78,371.39,1763.02,316.23,161.5,2001,25692.994,7523.762,2385.423,5460.704,750.748,9208.429,10283.57,4771.715,40260.363,17824.848,6254936464.0,59897670914608.0,8,499,-1.900000000000034,372.9208333333333,-1.5399999999999636,1770.7733333333335,65.24205128205129,0,30475.165999999997
2001-09,0.51,368.34,371.61,1770.44,316.41,238.2,2001,25692.994,7523.762,2385.423,5460.704,750.748,9208.429,10283.57,4771.715,40260.363,17824.848,6254936464.0,59897670914608.0,9,500,-1.4399999999999977,372.56333333333333,7.420000000000073,1770.6000000000001,141.9420512820513,0,30475.165999999997
2001-09,0.51,368.34,371.61,1770.44,316.3,238.2,2001,25692.994,7523.762,2385.423,5460.704,750.748,9208.429,10283.57,4771.715,40260.363,17824.848,6254936464.0,59897670914608.0,9,500,0.0,372.2058333333334,0.0,1770.426666666667,141.9420512820513,0,30475.165999999997
2001-09,0.51,368.34,371.61,1764.51,316.3,238.2,2001,25692.994,7523.762,2385.423,5460.704,750.748,9208.429,10283.57,4771.715,40260.363,17824.848,6254936464.0,59897670914608.0,9,500,0.0,371.84833333333336,-5.930000000000064,1769.665,141.9420512820513,0,30475.165999999997
2001-09,0.51,368.34,371.61,1764.51,316.41,238.2,2001,25692.994,7523.762,2385.423,5460.704,750.748,9208.429,10283.57,4771.715,40260.363,17824.848,6254936464.0,59897670914608.0,9,500,0.0,371.4908333333333,0.0,1768.9033333333334,141.9420512820513,0,30475.165999999997
2001-10,0.49,368.61,371.85,1770.0,316.5,194.1,2001,25692.994,7523.762,2385.423,5460.704,750.748,9208.429,10283.57,4771.715,40260.363,17824.848,6254936464.0,59897670914608.0,10,501,0.27000000000003865,371.07916666666665,5.490000000000009,1768.59,97.84205128205129,0,30475.165999999997
2001-11,0.72,369.94,371.92,1775.49,316.59,176.6,2001,25692.994,7523.762,2385.423,5460.704,750.748,9208.429,10283.57,4771.715,40260.363,17824.848,6254936464.0,59897670914608.0,11,502,1.329999999999984,370.7383333333333,5.490000000000009,1768.7250000000001,80.34205128205129,0,30475.165999999997
2001-11,0.72,369.94,371.92,1775.49,316.76,176.6,2001,25692.994,7523.762,2385.423,5460.704,750.748,9208.429,10283.57,4771.715,40260.363,17824.848,6254936464.0,59897670914608.0,11,502,0.0,370.3975,0.0,1768.86,80.34205128205129,0,30475.165999999997
2001-11,0.72,369.94,371.92,1776.58,316.59,176.6,2001,25692.994,7523.762,2385.423,5460.704,750.748,9208.429,10283.57,4771.715,40260.363,17824.848,6254936464.0,59897670914608.0,11,502,0.0,370.0566666666667,1.0899999999999181,1769.335,80.34205128205129,0,30475.165999999997
2001-11,0.72,369.94,371.92,1776.58,316.76,176.6,2001,25692.994,7523.762,2385.423,5460.704,750.748,9208.429,10283.57,4771.715,40260.363,17824.848,6254936464.0,59897670914608.0,11,502,0.0,369.71583333333336,0.0,1769.8100000000002,80.34205128205129,0,30475.165999999997
2001-12,0.55,371.42,372.09,1775.92,316.87,213.4,2001,25692.994,7523.762,2385.423,5460.704,750.748,9208.429,10283.57,4771.715,40260.363,17824.848,6254936464.0,59897670914608.0,12,503,1.4800000000000182,369.5508333333333,-0.6599999999998545,1770.6283333333333,117.1420512820513,0,30475.165999999997
2002-01,0.76,372.7,372.48,1775.02,316.9,184.6,2002,26265.332,7480.677,2402.932,6093.696,779.004,9630.182,10269.353,4913.652,41423.414,17970.854,6337730343.0,59897670914608.0,1,504,1.2799999999999727,369.6358333333333,-0.900000000000091,1771.5,88.34205128205129,0,31685.887
2002-02,0.78,373.37,372.49,1774.12,316.93,170.2,2002,26265.332,7480.677,2402.932,6093.696,779.004,9630.182,10269.353,4913.652,41423.414,17970.854,6337730343.0,59897670914608.0,2,505,0.6700000000000159,369.935,-0.900000000000091,1772.425,73.94205128205128,0,31685.887
2002-03,0.88,374.3,372.61,1772.86,316.97,147.1,2002,26265.332,7480.677,2402.932,6093.696,779.004,9630.182,10269.353,4913.652,41423.414,17970.854,6337730343.0,59897670914608.0,3,506,0.9300000000000068,370.4316666666667,-1.259999999999991,1772.6266666666668,50.84205128205129,0,31685.887
2002-03,0.88,374.3,372.61,1772.86,316.96,147.1,2002,26265.332,7480.677,2402.932,6093.696,779.004,9630.182,10269.353,4913.652,41423.414,17970.854,6337730343.0,59897670914608.0,3,506,0.0,370.9283333333333,0.0,1772.8283333333336,50.84205128205129,0,31685.887
2002-03,0.88,374.3,372.61,1773.41,316.97,147.1,2002,26265.332,7480.677,2402.932,6093.696,779.004,9630.182,10269.353,4913.652,41423.414,17970.854,6337730343.0,59897670914608.0,3,506,0.0,371.425,0.5500000000001819,1773.57,50.84205128205129,0,31685.887
2002-03,0.88,374.3,372.61,1773.41,316.96,147.1,2002,26265.332,7480.677,2402.932,6093.696,779.004,9630.182,10269.353,4913.652,41423.414,17970.854,6337730343.0,59897670914608.0,3,506,0.0,371.9216666666667,0.0,1774.3116666666667,50.84205128205129,0,31685.887
2002-04,0.57,375.19,372.54,1771.845,316.905,186.9,2002,26265.332,7480.677,2402.932,6093.696,779.004,9630.182,10269.353,4913.652,41423.414,17970.854,6337730343.0,59897670914608.0,4,507,0.8899999999999864,372.47,-1.5650000000000546,1774.465416666667,90.6420512820513,0,31685.887
2002-05,0.64,375.93,372.98,1770.28,316.85,187.5,2002,26265.332,7480.677,2402.932,6093.696,779.004,9630.182,10269.353,4913.652,41423.414,17970.854,6337730343.0,59897670914608.0,5,508,0.7400000000000091,372.9691666666667,-1.5650000000000546,1774.03125,91.24205128205129,0,31685.887
2002-05,0.64,375.93,372.98,1770.28,316.9,187.5,2002,26265.332,7480.677,2402.932,6093.696,779.004,9630.182,10269.353,4913.652,41423.414,17970.854,6337730343.0,59897670914608.0,5,508,0.0,373.4683333333333,0.0,1773.5970833333333,91.24205128205129,0,31685.887
2002-05,0.64,375.93,372.98,1772.74,316.9,187.5,2002,26265.332,7480.677,2402.932,6093.696,779.004,9630.182,10269.353,4913.652,41423.414,17970.854,6337730343.0,59897670914608.0,5,508,0.0,373.96750000000003,2.4600000000000364,1773.2770833333334,91.24205128205129,0,31685.887
2002-05,0.64,375.93,372.98,1772.74,316.85,187.5,2002,26265.332,7480.677,2402.932,6093.696,779.004,9630.182,10269.353,4913.652,41423.414,17970.854,6337730343.0,59897670914608.0,5,508,0.0,374.46666666666664,0.0,1772.9570833333335,91.24205128205129,0,31685.887
2002-06,0.53,375.69,373.46,1766.89,316.83,128.8,2002,26265.332,7480.677,2402.932,6093.696,779.004,9630.182,10269.353,4913.652,41423.414,17970.854,6337730343.0,59897670914608.0,6,509,-0.2400000000000091,374.8225,-5.849999999999909,1772.2045833333334,32.542051282051304,0,31685.887
2002-07,0.61,374.16,373.58,1765.575,316.825,161.0,2002,26265.332,7480.677,2402.932,6093.696,779.004,9630.182,10269.353,4913.652,41423.414,17970.854,6337730343.0,59897670914608.0,7,510,-1.5299999999999727,374.94416666666666,-1.3150000000000546,1771.4174999999998,64.74205128205129,0,31685.887
2002-08,0.53,372.03,373.7,1764.26,316.82,175.6,2002,26265.332,7480.677,2402.932,6093.696,779.004,9630.182,10269.353,4913.652,41423.414,17970.854,6337730343.0,59897670914608.0,8,511,-2.1300000000000523,374.8325,-1.3150000000000546,1770.5958333333335,79.34205128205129,0,31685.887
2002-09,0.63,370.92,374.28,1766.98,316.82,187.9,2002,26265.332,7480.677,2402.932,6093.696,779.004,9630.182,10269.353,4913.652,41423.414,17970.854,6337730343.0,59897670914608.0,9,512,-1.1099999999999568,374.5508333333333,2.7200000000000273,1770.1058333333333,91.6420512820513,0,31685.887
2002-09,0.63,370.92,374.28,1766.98,316.87,187.9,2002,26265.332,7480.677,2402.932,6093.696,779.004,9630.182,10269.353,4913.652,41423.414,17970.854,6337730343.0,59897670914608.0,9,512,0.0,374.26916666666665,0.0,1769.6158333333333,91.6420512820513,0,31685.887
2002-09,0.63,370.92,374.28,1773.76,316.82,187.9,2002,26265.332,7480.677,2402.932,6093.696,779.004,9630.182,10269.353,4913.652,41423.414,17970.854,6337730343.0,59897670914608.0,9,512,0.0,373.9875,6.779999999999973,1769.6449999999998,91.6420512820513,0,31685.887
2002-09,0.63,370.92,374.28,1773.76,316.87,187.9,2002,26265.332,7480.677,2402.932,6093.696,779.004,9630.182,10269.353,4913.652,41423.414,17970.854,6337730343.0,59897670914608.0,9,512,0.0,373.7058333333334,0.0,1769.6741666666667,91.6420512820513,0,31685.887
2002-10,0.54,370.73,374.06,1776.01,316.93,151.2,2002,26265.332,7480.677,2402.932,6093.696,779.004,9630.182,10269.353,4913.652,41423.414,17970.854,6337730343.0,59897670914608.0,10,513,-0.18999999999999773,373.3341666666666,2.25,1770.0212499999998,54.94205128205128,0,31685.887
2002-11,0.59,372.43,374.52,1778.26,316.99,147.2,2002,26265.332,7480.677,2402.932,6093.696,779.004,9630.182,10269.353,4913.652,41423.414,17970.854,6337730343.0,59897670914608.0,11,514,1.6999999999999886,373.0425,2.25,1770.68625,50.94205128205128,0,31685.887
2002-11,0.59,372.43,374.52,1778.26,317.13,147.2,2002,26265.332,7480.677,2402.932,6093.696,779.004,9630.182,10269.353,4913.652,41423.414,17970.854,6337730343.0,59897670914608.0,11,514,0.0,372.75083333333333,0.0,1771.35125,50.94205128205128,0,31685.887
2002-11,0.59,372.43,374.52,1779.49,316.99,147.2,2002,26265.332,7480.677,2402.932,6093.696,779.004,9630.182,10269.353,4913.652,41423.414,17970.854,6337730343.0,59897670914608.0,11,514,0.0,372.4591666666667,1.2300000000000182,1771.91375,50.94205128205128,0,31685.887
2002-11,0.59,372.43,374.52,1779.49,317.13,147.2,2002,26265.332,7480.677,2402.932,6093.696,779.004,9630.182,10269.353,4913.652,41423.414,17970.854,6337730343.0,59897670914608.0,11,514,0.0,372.1675,0.0,1772.47625,50.94205128205128,0,31685.887
2002-12,0.44,373.98,374.72,1779.64,317.24,135.3,2002,26265.332,7480.677,2402.932,6093.696,779.004,9630.182,10269.353,4913.652,41423.414,17970.854,6337730343.0,59897670914608.0,12,515,1.5500000000000114,372.02500000000003,0.15000000000009095,1773.5387499999997,39.042051282051304,0,31685.887
2003-01,0.74,375.07,374.82,1778.5900000000001,317.265,133.5,2003,27652.691,7668.747,2419.463,7321.209,857.435,10466.565,10540.85,5096.196,44206.871,18355.602,6420361633.0,59897670914608.0,1,516,1.089999999999975,372.10083333333336,-1.0499999999999545,1774.6233333333337,37.24205128205129,0,34282.255000000005
2003-02,0.58,375.82,374.95,1777.54,317.29,75.7,2003,27652.691,7668.747,2419.463,7321.209,857.435,10466.565,10540.85,5096.196,44206.871,18355.602,6420361633.0,59897670914608.0,2,517,0.75,372.4166666666667,-1.050000000000182,1775.7299999999998,-20.557948717948705,0,34282.255000000005
2003-03,0.6,376.64,374.99,1774.83,317.34,100.7,2003,27652.691,7668.747,2419.463,7321.209,857.435,10466.565,10540.85,5096.196,44206.871,18355.602,6420361633.0,59897670914608.0,3,518,0.8199999999999932,372.8933333333334,-2.7100000000000364,1776.3841666666667,4.442051282051295,0,34282.255000000005
2003-03,0.6,376.64,374.99,1774.83,317.41,100.7,2003,27652.691,7668.747,2419.463,7321.209,857.435,10466.565,10540.85,5096.196,44206.871,18355.602,6420361633.0,59897670914608.0,3,518,0.0,373.37000000000006,0.0,1777.0383333333332,4.442051282051295,0,34282.255000000005
2003-03,0.6,376.64,374.99,1774.84,317.34,100.7,2003,27652.691,7668.747,2419.463,7321.209,857.435,10466.565,10540.85,5096.196,44206.871,18355.602,6420361633.0,59897670914608.0,3,518,0.0,373.84666666666664,0.009999999999990905,1777.1283333333333,4.442051282051295,0,34282.255000000005
2003-03,0.6,376.64,374.99,1774.84,317.41,100.7,2003,27652.691,7668.747,2419.463,7321.209,857.435,10466.565,10540.85,5096.196,44206.871,18355.602,6420361633.0,59897670914608.0,3,518,0.0,374.3233333333333,0.0,1777.2183333333332,4.442051282051295,0,34282.255000000005
2003-04,0.55,377.92,375.24,1775.32,317.44500000000005,97.9,2003,27652.691,7668.747,2419.463,7321.209,857.435,10466.565,10540.85,5096.196,44206.871,18355.602,6420361633.0,59897670914608.0,4,519,1.2800000000000296,374.92250000000007,0.4800000000000182,1777.1608333333334,1.6420512820512982,0,34282.255000000005
2003-05,0.6,378.78,375.73,1775.8,317.48,86.8,2003,27652.691,7668.747,2419.463,7321.209,857.435,10466.565,10540.85,5096.196,44206.871,18355.602,6420361633.0,59897670914608.0,5,520,0.8599999999999568,375.45166666666665,0.4800000000000182,1776.9558333333332,-9.45794871794871,0,34282.255000000005
2003-05,0.6,378.78,375.73,1775.8,317.51,86.8,2003,27652.691,7668.747,2419.463,7321.209,857.435,10466.565,10540.85,5096.196,44206.871,18355.602,6420361633.0,59897670914608.0,5,520,0.0,375.9808333333333,0.0,1776.7508333333335,-9.45794871794871,0,34282.255000000005
2003-05,0.6,378.78,375.73,1774.45,317.48,86.8,2003,27652.691,7668.747,2419.463,7321.209,857.435,10466.565,10540.85,5096.196,44206.871,18355.602,6420361633.0,59897670914608.0,5,520,0.0,376.51000000000005,-1.349999999999909,1776.3308333333332,-9.45794871794871,0,34282.255000000005
2003-05,0.6,378.78,375.73,1774.45,317.51,86.8,2003,27652.691,7668.747,2419.463,7321.209,857.435,10466.565,10540.85,5096.196,44206.871,18355.602,6420361633.0,59897670914608.0,5,520,0.0,377.0391666666667,0.0,1775.9108333333334,-9.45794871794871,0,34282.255000000005
2003-06,0.47,378.46,376.22,1771.68,317.53,118.7,2003,27652.691,7668.747,2419.463,7321.209,857.435,10466.565,10540.85,5096.196,44206.871,18355.602,6420361633.0,59897670914608.0,6,521,-0.3199999999999932,377.41249999999997,-2.769999999999982,1775.2475000000002,22.442051282051295,0,34282.255000000005
2003-07,0.58,376.88,376.37,1771.1950000000002,317.54499999999996,128.3,2003,27652.691,7668.747,2419.463,7321.209,857.435,10466.565,10540.85,5096.196,44206.871,18355.602,6420361633.0,59897670914608.0,7,522,-1.579999999999984,377.56333333333333,-0.48499999999989996,1774.6312499999997,32.042051282051304,0,34282.255000000005
2003-08,0.64,374.57,376.27,1770.71,317.56,115.4,2003,27652.691,7668.747,2419.463,7321.209,857.435,10466.565,10540.85,5096.196,44206.871,18355.602,6420361633.0,59897670914608.0,8,523,-2.3100000000000023,377.4591666666667,-0.48500000000012733,1774.0620833333335,19.1420512820513,0,34282.255000000005
2003-09,0.62,373.34,376.65,1774.3,317.77,78.5,2003,27652.691,7668.747,2419.463,7321.209,857.435,10466.565,10540.85,5096.196,44206.871,18355.602,6420361633.0,59897670914608.0,9,524,-1.2300000000000182,377.18416666666667,3.589999999999918,1774.0179166666667,-17.757948717948707,0,34282.255000000005
2003-09,0.62,373.34,376.65,1780.55,317.63,78.5,2003,27652.691,7668.747,2419.463,7321.209,857.435,10466.565,10540.85,5096.196,44206.871,18355.602,6420361633.0,59897670914608.0,9,524,0.0,376.90916666666664,6.25,1774.4945833333334,-17.757948717948707,0,34282.255000000005
2003-09,0.62,373.34,376.65,1774.3,317.63,78.5,2003,27652.691,7668.747,2419.463,7321.209,857.435,10466.565,10540.85,5096.196,44206.871,18355.602,6420361633.0,59897670914608.0,9,524,0.0,376.63416666666666,-6.25,1774.4495833333333,-17.757948717948707,0,34282.255000000005
2003-09,0.62,373.34,376.65,1780.55,317.77,78.5,2003,27652.691,7668.747,2419.463,7321.209,857.435,10466.565,10540.85,5096.196,44206.871,18355.602,6420361633.0,59897670914608.0,9,524,0.0,376.3591666666666,6.25,1774.9254166666667,-17.757948717948707,0,34282.255000000005
2003-10,0.72,373.31,376.65,1782.915,317.85,97.8,2003,27652.691,7668.747,2419.463,7321.209,857.435,10466.565,10540.85,5096.196,44206.871,18355.602,6420361633.0,59897670914608.0,10,525,-0.029999999999972715,375.97499999999997,2.365000000000009,1775.5583333333334,1.5420512820512897,0,34282.255000000005
2003-11,0.52,374.84,376.99,1785.28,317.93,82.9,2003,27652.691,7668.747,2419.463,7321.209,857.435,10466.565,10540.85,5096.196,44206.871,18355.602,6420361633.0,59897670914608.0,11,526,1.5299999999999727,375.6466666666667,2.365000000000009,1776.3483333333334,-13.357948717948702,0,34282.255000000005
2003-11,0.52,374.84,376.99,1785.28,318.04,82.9,2003,27652.691,7668.747,2419.463,7321.209,857.435,10466.565,10540.85,5096.196,44206.871,18355.602,6420361633.0,59897670914608.0,11,526,0.0,375.3183333333333,0.0,1777.1383333333333,-13.357948717948702,0,34282.255000000005
2003-11,0.52,374.84,376.99,1784.69,317.93,82.9,2003,27652.691,7668.747,2419.463,7321.209,857.435,10466.565,10540.85,5096.196,44206.871,18355.602,6420361633.0,59897670914608.0,11,526,0.0,374.98999999999995,-0.5899999999999181,1777.9916666666668,-13.357948717948702,0,34282.255000000005
2003-11,0.52,374.84,376.99,1784.69,318.04,82.9,2003,27652.691,7668.747,2419.463,7321.209,857.435,10466.565,10540.85,5096.196,44206.871,18355.602,6420361633.0,59897670914608.0,11,526,0.0,374.66166666666663,0.0,1778.845,-13.357948717948702,0,34282.255000000005
2003-12,0.74,376.17,376.93,1783.56,318.11,72.2,2003,27652.691,7668.747,2419.463,7321.209,857.435,10466.565,10540.85,5096.196,44206.871,18355.602,6420361633.0,59897670914608.0,12,527,1.330000000000041,374.4708333333333,-1.1300000000001091,1779.835,-24.057948717948705,0,34282.255000000005
2004-01,0.57,377.17,376.96,1782.15,318.145,60.6,2004,28610.023,7809.036,2487.873,6443.865,895.93,10813.392,10924.574,5257.67,44421.227,19042.68,6503377774.0,59897670914608.0,1,528,1.0,374.49499999999995,-1.4099999999998545,1780.747916666667,-35.657948717948706,0,34335.431
2004-02,0.72,378.05,377.19,1780.74,318.18,74.6,2004,28610.023,7809.036,2487.873,6443.865,895.93,10813.392,10924.574,5257.67,44421.227,19042.68,6503377774.0,59897670914608.0,2,529,0.8799999999999955,374.785,-1.4100000000000819,1781.5837499999998,-21.657948717948713,0,34335.431
2004-03,0.63,379.06,377.4,1779.68,318.2,74.8,2004,28610.023,7809.036,2487.873,6443.865,895.93,10813.392,10924.574,5257.67,44421.227,19042.68,6503377774.0,59897670914608.0,3,530,1.009999999999991,375.2616666666666,-1.0599999999999454,1782.0320833333333,-21.45794871794871,0,34335.431
2004-03,0.63,379.06,377.4,1779.68,318.16,74.8,2004,28610.023,7809.036,2487.873,6443.865,895.93,10813.392,10924.574,5257.67,44421.227,19042.68,6503377774.0,59897670914608.0,3,530,0.0,375.7383333333333,0.0,1781.9595833333333,-21.45794871794871,0,34335.431
2004-03,0.63,379.06,377.4,1780.93,318.2,74.8,2004,28610.023,7809.036,2487.873,6443.865,895.93,10813.392,10924.574,5257.67,44421.227,19042.68,6503377774.0,59897670914608.0,3,530,0.0,376.215,1.25,1782.5120833333333,-21.45794871794871,0,34335.431
2004-03,0.63,379.06,377.4,1780.93,318.16,74.8,2004,28610.023,7809.036,2487.873,6443.865,895.93,10813.392,10924.574,5257.67,44421.227,19042.68,6503377774.0,59897670914608.0,3,530,0.0,376.69166666666666,0.0,1782.54375,-21.45794871794871,0,34335.431
2004-04,0.6,380.54,377.8,1780.9050000000002,318.15,59.2,2004,28610.023,7809.036,2487.873,6443.865,895.93,10813.392,10924.574,5257.67,44421.227,19042.68,6503377774.0,59897670914608.0,4,531,1.4800000000000182,377.2941666666666,-0.024999999999863576,1782.37625,-37.057948717948705,0,34335.431
2004-05,0.36,380.8,377.66,1780.88,318.14,72.8,2004,28610.023,7809.036,2487.873,6443.865,895.93,10813.392,10924.574,5257.67,44421.227,19042.68,6503377774.0,59897670914608.0,5,532,0.2599999999999909,377.7908333333334,-0.02500000000009095,1782.0095833333335,-23.45794871794871,0,34335.431
2004-05,0.36,380.8,377.66,1780.88,318.14,72.8,2004,28610.023,7809.036,2487.873,6443.865,895.93,10813.392,10924.574,5257.67,44421.227,19042.68,6503377774.0,59897670914608.0,5,532,0.0,378.2875000000001,0.0,1781.6429166666667,-23.45794871794871,0,34335.431
2004-05,0.36,380.8,377.66,1777.74,318.14,72.8,2004,28610.023,7809.036,2487.873,6443.865,895.93,10813.392,10924.574,5257.67,44421.227,19042.68,6503377774.0,59897670914608.0,5,532,0.0,378.78416666666664,-3.1400000000001,1781.06375,-23.45794871794871,0,34335.431
2004-05,0.36,380.8,377.66,1777.74,318.14,72.8,2004,28610.023,7809.036,2487.873,6443.865,895.93,10813.392,10924.574,5257.67,44421.227,19042.68,6503377774.0,59897670914608.0,5,532,0.0,379.2808333333333,0.0,1780.4845833333336,-23.45794871794871,0,34335.431
2004-06,0.43,379.87,377.57,1772.43,318.13,66.5,2004,28610.023,7809.036,2487.873,6443.865,895.93,10813.392,10924.574,5257.67,44421.227,19042.68,6503377774.0,59897670914608.0,6,533,-0.9300000000000068,379.58916666666664,-5.309999999999945,1779.5570833333334,-29.757948717948707,0,34335.431
2004-07,0.25,377.65,377.12,1770.3000000000002,318.135,83.8,2004,28610.023,7809.036,2487.873,6443.865,895.93,10813.392,10924.574,5257.67,44421.227,19042.68,6503377774.0,59897670914608.0,7,534,-2.2200000000000273,379.62916666666666,-2.1299999999998818,1778.5695833333332,-12.45794871794871,0,34335.431
2004-08,0.44,376.17,377.9,1768.17,318.14,69.7,2004,28610.023,7809.036,2487.873,6443.865,895.93,10813.392,10924.574,5257.67,44421.227,19042.68,6503377774.0,59897670914608.0,8,535,-1.4799999999999613,379.4725,-2.130000000000109,1777.5220833333335,-26.557948717948705,0,34335.431
2004-09,0.5,374.43,377.8,1769.97,318.17,48.8,2004,28610.023,7809.036,2487.873,6443.865,895.93,10813.392,10924.574,5257.67,44421.227,19042.68,6503377774.0,59897670914608.0,9,536,-1.740000000000009,379.08666666666664,1.7999999999999545,1776.7129166666666,-47.45794871794871,0,34335.431
2004-09,0.5,374.43,377.8,1769.97,318.22,48.8,2004,28610.023,7809.036,2487.873,6443.865,895.93,10813.392,10924.574,5257.67,44421.227,19042.68,6503377774.0,59897670914608.0,9,536,0.0,378.7008333333333,0.0,1775.9037500000002,-47.45794871794871,0,34335.431
2004-09,0.5,374.43,377.8,1775.87,318.17,48.8,2004,28610.023,7809.036,2487.873,6443.865,895.93,10813.392,10924.574,5257.67,44421.227,19042.68,6503377774.0,59897670914608.0,9,536,0.0,378.31500000000005,5.899999999999864,1775.4820833333333,-47.45794871794871,0,34335.431
2004-09,0.5,374.43,377.8,1775.87,318.22,48.8,2004,28610.023,7809.036,2487.873,6443.865,895.93,10813.392,10924.574,5257.67,44421.227,19042.68,6503377774.0,59897670914608.0,9,536,0.0,377.9291666666666,0.0,1775.0604166666665,-47.45794871794871,0,34335.431
2004-10,0.6,374.63,377.99,1777.975,318.28,74.2,2004,28610.023,7809.036,2487.873,6443.865,895.93,10813.392,10924.574,5257.67,44421.227,19042.68,6503377774.0,59897670914608.0,10,537,0.19999999999998863,377.43666666666667,2.105000000000018,1774.81625,-22.057948717948705,0,34335.431
2004-11,0.72,376.33,378.49,1780.08,318.34,70.1,2004,28610.023,7809.036,2487.873,6443.865,895.93,10813.392,10924.574,5257.67,44421.227,19042.68,6503377774.0,59897670914608.0,11,538,1.6999999999999886,377.0641666666666,2.105000000000018,1774.7495833333332,-26.157948717948713,0,34335.431
2004-11,0.72,376.33,378.49,1780.08,318.56,70.1,2004,28610.023,7809.036,2487.873,6443.865,895.93,10813.392,10924.574,5257.67,44421.227,19042.68,6503377774.0,59897670914608.0,11,538,0.0,376.6916666666666,0.0,1774.6829166666666,-26.157948717948713,0,34335.431
2004-11,0.72,376.33,378.49,1780.53,318.34,70.1,2004,28610.023,7809.036,2487.873,6443.865,895.93,10813.392,10924.574,5257.67,44421.227,19042.68,6503377774.0,59897670914608.0,11,538,0.0,376.31916666666666,0.4500000000000455,1774.9154166666667,-26.157948717948713,0,34335.431
2004-11,0.72,376.33,378.49,1780.53,318.56,70.1,2004,28610.023,7809.036,2487.873,6443.865,895.93,10813.392,10924.574,5257.67,44421.227,19042.68,6503377774.0,59897670914608.0,11,538,0.0,375.9466666666667,0.0,1775.1479166666668,-26.157948717948713,0,34335.431
2004-12,0.5,377.68,378.48,1778.17,318.77,28.9,2004,28610.023,7809.036,2487.873,6443.865,895.93,10813.392,10924.574,5257.67,44421.227,19042.68,6503377774.0,59897670914608.0,12,539,1.3500000000000227,375.76416666666665,-2.3599999999999,1775.62625,-67.35794871794872,0,34335.431
2005-01,0.75,378.63,378.37,1777.15,318.82,48.1,2005,29598.951,7929.648,2510.292,5931.112,966.776,11498.5,11030.305,5376.289,45006.918,19422.695,6586970132.0,59897670914608.0,1,540,0.9499999999999886,375.8458333333333,-1.0199999999999818,1776.1970833333335,-48.157948717948706,0,34802.982
2005-02,0.59,379.91,379.1,1776.13,318.87,43.5,2005,29598.951,7929.648,2510.292,5931.112,966.776,11498.5,11030.305,5376.289,45006.918,19422.695,6586970132.0,59897670914608.0,2,541,1.2800000000000296,376.15749999999997,-1.0199999999999818,1776.8604166666664,-52.75794871794871,0,34802.982
2005-03,0.74,380.95,379.45,1775.76,318.89,39.6,2005,29598.951,7929.648,2510.292,5931.112,966.776,11498.5,11030.305,5376.289,45006.918,19422.695,6586970132.0,59897670914608.0,3,542,1.0399999999999636,376.7008333333333,-0.37000000000011823,1777.3429166666667,-56.657948717948706,0,34802.982
2005-03,0.74,380.95,379.45,1775.76,318.86,39.6,2005,29598.951,7929.648,2510.292,5931.112,966.776,11498.5,11030.305,5376.289,45006.918,19422.695,6586970132.0,59897670914608.0,3,542,0.0,377.2441666666667,0.0,1777.8254166666666,-56.657948717948706,0,34802.982
2005-03,0.74,380.95,379.45,1775.58,318.89,39.6,2005,29598.951,7929.648,2510.292,5931.112,966.776,11498.5,11030.305,5376.289,45006.918,19422.695,6586970132.0,59897670914608.0,3,542,0.0,377.78749999999997,-0.18000000000006366,1777.8012500000002,-56.657948717948706,0,34802.982
2005-03,0.74,380.95,379.45,1775.58,318.86,39.6,2005,29598.951,7929.648,2510.292,5931.112,966.776,11498.5,11030.305,5376.289,45006.918,19422.695,6586970132.0,59897670914608.0,3,542,0.0,378.3308333333334,0.0,1777.7770833333334,-56.657948717948706,0,34802.982
2005-04,0.66,382.48,379.84,1775.185,318.82,38.7,2005,29598.951,7929.648,2510.292,5931.112,966.776,11498.5,11030.305,5376.289,45006.918,19422.695,6586970132.0,59897670914608.0,4,543,1.5300000000000296,378.98499999999996,-0.3949999999999818,1777.5445833333333,-57.557948717948705,0,34802.982
2005-05,0.62,382.64,379.49,1774.79,318.78,61.9,2005,29598.951,7929.648,2510.292,5931.112,966.776,11498.5,11030.305,5376.289,45006.918,19422.695,6586970132.0,59897670914608.0,5,544,0.15999999999996817,379.5108333333333,-0.3949999999999818,1777.1037500000002,-34.35794871794871,0,34802.982
2005-05,0.62,382.64,379.49,1774.79,318.66,61.9,2005,29598.951,7929.648,2510.292,5931.112,966.776,11498.5,11030.305,5376.289,45006.918,19422.695,6586970132.0,59897670914608.0,5,544,0.0,380.0366666666667,0.0,1776.6629166666664,-34.35794871794871,0,34802.982
2005-05,0.62,382.64,379.49,1772.51,318.78,61.9,2005,29598.951,7929.648,2510.292,5931.112,966.776,11498.5,11030.305,5376.289,45006.918,19422.695,6586970132.0,59897670914608.0,5,544,0.0,380.5625,-2.2799999999999727,1775.9945833333334,-34.35794871794871,0,34802.982
2005-05,0.62,382.64,379.49,1772.51,318.66,61.9,2005,29598.951,7929.648,2510.292,5931.112,966.776,11498.5,11030.305,5376.289,45006.918,19422.695,6586970132.0,59897670914608.0,5,544,0.0,381.08833333333337,0.0,1775.3262499999998,-34.35794871794871,0,34802.982
2005-06,0.64,382.4,380.07,1768.81,318.59,56.8,2005,29598.951,7929.648,2510.292,5931.112,966.776,11498.5,11030.305,5376.289,45006.918,19422.695,6586970132.0,59897670914608.0,6,545,-0.2400000000000091,381.4816666666666,-3.7000000000000455,1774.54625,-39.45794871794871,0,34802.982
2005-07,0.61,380.93,380.38,1767.6100000000001,318.62,62.4,2005,29598.951,7929.648,2510.292,5931.112,966.776,11498.5,11030.305,5376.289,45006.918,19422.695,6586970132.0,59897670914608.0,7,546,-1.4699999999999704,381.67333333333335,-1.199999999999818,1773.75125,-33.85794871794871,0,34802.982
2005-08,0.6,378.93,380.61,1766.41,318.65,60.5,2005,29598.951,7929.648,2510.292,5931.112,966.776,11498.5,11030.305,5376.289,45006.918,19422.695,6586970132.0,59897670914608.0,8,547,-2.0,381.5916666666667,-1.2000000000000455,1772.94125,-35.75794871794871,0,34802.982
2005-09,0.71,376.89,380.2,1768.16,318.77,37.2,2005,29598.951,7929.648,2510.292,5931.112,966.776,11498.5,11030.305,5376.289,45006.918,19422.695,6586970132.0,59897670914608.0,9,548,-2.0400000000000205,381.25333333333333,1.75,1772.3079166666666,-59.057948717948705,0,34802.982
2005-09,0.71,376.89,380.2,1768.16,318.9,37.2,2005,29598.951,7929.648,2510.292,5931.112,966.776,11498.5,11030.305,5376.289,45006.918,19422.695,6586970132.0,59897670914608.0,9,548,0.0,380.91499999999996,0.0,1771.6745833333334,-59.057948717948705,0,34802.982
2005-09,0.71,376.89,380.2,1773.24,318.77,37.2,2005,29598.951,7929.648,2510.292,5931.112,966.776,11498.5,11030.305,5376.289,45006.918,19422.695,6586970132.0,59897670914608.0,9,548,0.0,380.57666666666665,5.079999999999927,1771.479583333333,-59.057948717948705,0,34802.982
2005-09,0.71,376.89,380.2,1773.24,318.9,37.2,2005,29598.951,7929.648,2510.292,5931.112,966.776,11498.5,11030.305,5376.289,45006.918,19422.695,6586970132.0,59897670914608.0,9,548,0.0,380.2383333333333,0.0,1771.2845833333333,-59.057948717948705,0,34802.982
2005-10,0.76,377.19,380.5,1775.915,319.005,13.2,2005,29598.951,7929.648,2510.292,5931.112,966.776,11498.5,11030.305,5376.289,45006.918,19422.695,6586970132.0,59897670914608.0,10,549,0.30000000000001137,379.79749999999996,2.6749999999999545,1771.3454166666668,-83.0579487179487,0,34802.982
2005-11,0.74,378.54,380.69,1778.59,319.11,27.5,2005,29598.951,7929.648,2510.292,5931.112,966.776,11498.5,11030.305,5376.289,45006.918,19422.695,6586970132.0,59897670914608.0,11,550,1.3500000000000227,379.4558333333334,2.6749999999999545,1771.6620833333334,-68.75794871794871,0,34802.982
2005-11,0.74,378.54,380.69,1778.59,319.36,27.5,2005,29598.951,7929.648,2510.292,5931.112,966.776,11498.5,11030.305,5376.289,45006.918,19422.695,6586970132.0,59897670914608.0,11,550,0.0,379.1141666666667,0.0,1771.9787500000002,-68.75794871794871,0,34802.982
2005-11,0.74,378.54,380.69,1781.25,319.11,27.5,2005,29598.951,7929.648,2510.292,5931.112,966.776,11498.5,11030.305,5376.289,45006.918,19422.695,6586970132.0,59897670914608.0,11,550,0.0,378.77250000000004,2.660000000000082,1772.7070833333335,-68.75794871794871,0,34802.982
2005-11,0.74,378.54,380.69,1781.25,319.36,27.5,2005,29598.951,7929.648,2510.292,5931.112,966.776,11498.5,11030.305,5376.289,45006.918,19422.695,6586970132.0,59897670914608.0,11,550,0.0,378.43083333333334,0.0,1773.435416666667,-68.75794871794871,0,34802.982
2005-12,0.67,380.31,381.09,1780.26,319.58,59.3,2005,29598.951,7929.648,2510.292,5931.112,966.776,11498.5,11030.305,5376.289,45006.918,19422.695,6586970132.0,59897670914608.0,12,551,1.7699999999999818,378.25666666666666,-0.9900000000000091,1774.3895833333333,-36.95794871794871,0,34802.982
2006-01,0.56,381.58,381.33,1779.895,319.655,20.9,2006,30594.152,8057.693,2546.306,6033.741,1047.294,12136.238,11142.928,5531.006,46217.527,19708.033,6671452019.0,59897670914608.0,1,552,1.2699999999999818,378.3108333333334,-0.3650000000000091,1775.4133333333332,-75.35794871794872,0,35891.207
2006-02,0.73,382.4,381.58,1779.53,319.73,5.7,2006,30594.152,8057.693,2546.306,6033.741,1047.294,12136.238,11142.928,5531.006,46217.527,19708.033,6671452019.0,59897670914608.0,2,553,0.8199999999999932,378.59999999999997,-0.3650000000000091,1776.5066666666664,-90.5579487179487,0,35891.207
2006-03,0.63,382.86,381.32,1779.48,319.81,17.3,2006,30594.152,8057.693,2546.306,6033.741,1047.294,12136.238,11142.928,5531.006,46217.527,19708.033,6671452019.0,59897670914608.0,3,554,0.4600000000000364,379.0975,-0.049999999999954525,1777.4499999999998,-78.95794871794871,0,35891.207
2006-03,0.63,382.86,381.32,1779.48,319.77,17.3,2006,30594.152,8057.693,2546.306,6033.741,1047.294,12136.238,11142.928,5531.006,46217.527,19708.033,6671452019.0,59897670914608.0,3,554,0.0,379.595,0.0,1778.3933333333334,-78.95794871794871,0,35891.207
2006-03,0.63,382.86,381.32,1777.39,319.81,17.3,2006,30594.152,8057.693,2546.306,6033.741,1047.294,12136.238,11142.928,5531.006,46217.527,19708.033,6671452019.0,59897670914608.0,3,554,0.0,380.0925,-2.089999999999918,1778.739166666667,-78.95794871794871,0,35891.207
2006-03,0.63,382.86,381.32,1777.39,319.77,17.3,2006,30594.152,8057.693,2546.306,6033.741,1047.294,12136.238,11142.928,5531.006,46217.527,19708.033,6671452019.0,59897670914608.0,3,554,0.0,380.59,0.0,1779.085,-78.95794871794871,0,35891.207
2006-04,0.46,384.8,382.11,1776.755,319.735,50.3,2006,30594.152,8057.693,2546.306,6033.741,1047.294,12136.238,11142.928,5531.006,46217.527,19708.033,6671452019.0,59897670914608.0,4,555,1.9399999999999977,381.22416666666663,-0.6349999999999909,1779.155,-45.95794871794871,0,35891.207
2006-05,0.48,385.22,382.06,1776.12,319.7,37.2,2006,30594.152,8057.693,2546.306,6033.741,1047.294,12136.238,11142.928,5531.006,46217.527,19708.033,6671452019.0,59897670914608.0,5,556,0.4200000000000159,381.7808333333333,-0.6350000000002183,1778.9491666666665,-59.057948717948705,0,35891.207
2006-05,0.48,385.22,382.06,1776.12,319.69,37.2,2006,30594.152,8057.693,2546.306,6033.741,1047.294,12136.238,11142.928,5531.006,46217.527,19708.033,6671452019.0,59897670914608.0,5,556,0.0,382.33750000000003,0.0,1778.743333333333,-59.057948717948705,0,35891.207
2006-05,0.48,385.22,382.06,1774.91,319.7,37.2,2006,30594.152,8057.693,2546.306,6033.741,1047.294,12136.238,11142.928,5531.006,46217.527,19708.033,6671452019.0,59897670914608.0,5,556,0.0,382.89416666666665,-1.209999999999809,1778.215,-59.057948717948705,0,35891.207
2006-05,0.48,385.22,382.06,1774.91,319.69,37.2,2006,30594.152,8057.693,2546.306,6033.741,1047.294,12136.238,11142.928,5531.006,46217.527,19708.033,6671452019.0,59897670914608.0,5,556,0.0,383.4508333333333,0.0,1777.6866666666665,-59.057948717948705,0,35891.207
2006-06,0.66,384.24,381.93,1769.23,319.66,24.5,2006,30594.152,8057.693,2546.306,6033.741,1047.294,12136.238,11142.928,5531.006,46217.527,19708.033,6671452019.0,59897670914608.0,6,557,-0.9800000000000182,383.77833333333336,-5.680000000000064,1776.7675,-71.75794871794871,0,35891.207
2006-07,0.54,382.65,382.1,1766.7,319.645,22.2,2006,30594.152,8057.693,2546.306,6033.741,1047.294,12136.238,11142.928,5531.006,46217.527,19708.033,6671452019.0,59897670914608.0,7,558,-1.5900000000000318,383.8675,-2.5299999999999727,1775.6679166666665,-74.0579487179487,0,35891.207
2006-08,0.71,380.6,382.27,1764.17,319.63,20.8,2006,30594.152,8057.693,2546.306,6033.741,1047.294,12136.238,11142.928,5531.006,46217.527,19708.033,6671452019.0,59897670914608.0,8,559,-2.0499999999999545,383.71750000000003,-2.5299999999999727,1774.3879166666668,-75.45794871794871,0,35891.207
2006-09,0.66,379.04,382.35,1774.58,319.82,23.7,2006,30594.152,8057.693,2546.306,6033.741,1047.294,12136.238,11142.928,5531.006,46217.527,19708.033,6671452019.0,59897670914608.0,9,560,-1.5600000000000023,383.39916666666676,10.409999999999854,1773.9795833333335,-72.5579487179487,0,35891.207
2006-09,0.66,379.04,382.35,1774.58,319.68,23.7,2006,30594.152,8057.693,2546.306,6033.741,1047.294,12136.238,11142.928,5531.006,46217.527,19708.033,6671452019.0,59897670914608.0,9,560,0.0,383.0808333333334,0.0,1773.57125,-72.5579487179487,0,35891.207
2006-09,0.66,379.04,382.35,1767.24,319.68,23.7,2006,30594.152,8057.693,2546.306,6033.741,1047.294,12136.238,11142.928,5531.006,46217.527,19708.033,6671452019.0,59897670914608.0,9,560,0.0,382.76250000000005,-7.339999999999918,1772.7254166666664,-72.5579487179487,0,35891.207
2006-09,0.66,379.04,382.35,1767.24,319.82,23.7,2006,30594.152,8057.693,2546.306,6033.741,1047.294,12136.238,11142.928,5531.006,46217.527,19708.033,6671452019.0,59897670914608.0,9,560,0.0,382.4441666666667,0.0,1771.8795833333334,-72.5579487179487,0,35891.207
2006-10,0.7,379.33,382.66,1772.745,319.90999999999997,14.9,2006,30594.152,8057.693,2546.306,6033.741,1047.294,12136.238,11142.928,5531.006,46217.527,19708.033,6671452019.0,59897670914608.0,10,561,0.2899999999999636,381.9883333333334,5.504999999999882,1771.5454166666666,-81.3579487179487,0,35891.207
2006-11,0.73,380.35,382.52,1778.25,320.0,35.7,2006,30594.152,8057.693,2546.306,6033.741,1047.294,12136.238,11142.928,5531.006,46217.527,19708.033,6671452019.0,59897670914608.0,11,562,1.0200000000000387,381.5825,5.505000000000109,1771.7229166666666,-60.557948717948705,0,35891.207
2006-11,0.73,380.35,382.52,1778.25,320.16,35.7,2006,30594.152,8057.693,2546.306,6033.741,1047.294,12136.238,11142.928,5531.006,46217.527,19708.033,6671452019.0,59897670914608.0,11,562,0.0,381.1766666666667,0.0,1771.9004166666666,-60.557948717948705,0,35891.207
2006-11,0.73,380.35,382.52,1779.04,320.0,35.7,2006,30594.152,8057.693,2546.306,6033.741,1047.294,12136.238,11142.928,5531.006,46217.527,19708.033,6671452019.0,59897670914608.0,11,562,0.0,380.7708333333333,0.7899999999999636,1772.2445833333334,-60.557948717948705,0,35891.207
2006-11,0.73,380.35,382.52,1779.04,320.16,35.7,2006,30594.152,8057.693,2546.306,6033.741,1047.294,12136.238,11142.928,5531.006,46217.527,19708.033,6671452019.0,59897670914608.0,11,562,0.0,380.365,0.0,1772.5887500000001,-60.557948717948705,0,35891.207
2006-12,0.79,382.02,382.84,1779.91,320.27,22.3,2006,30594.152,8057.693,2546.306,6033.741,1047.294,12136.238,11142.928,5531.006,46217.527,19708.033,6671452019.0,59897670914608.0,12,563,1.669999999999959,380.18,0.8700000000001182,1773.4787500000002,-73.95794871794871,0,35891.207
2007-01,1.01,383.1,382.88,1779.58,320.315,29.3,2007,31499.256,8108.338,2612.956,5593.206,1126.199,12724.451,11184.312,5736.637,46734.879,20069.822,6757308776.0,59897670914608.0,1,564,1.080000000000041,380.2175,-0.3300000000001546,1774.5520833333333,-66.95794871794871,0,36364.805
2007-02,0.7,384.12,383.22,1779.25,320.36,18.4,2007,31499.256,8108.338,2612.956,5593.206,1126.199,12724.451,11184.312,5736.637,46734.879,20069.822,6757308776.0,59897670914608.0,2,565,1.0199999999999818,380.51083333333344,-0.32999999999992724,1775.80875,-77.85794871794872,0,36364.805
2007-03,0.71,384.81,383.17,1778.67,320.38,7.2,2007,31499.256,8108.338,2612.956,5593.206,1126.199,12724.451,11184.312,5736.637,46734.879,20069.822,6757308776.0,59897670914608.0,3,566,0.6899999999999977,380.9916666666666,-0.5799999999999272,1776.1495833333336,-89.0579487179487,0,36364.805
2007-03,0.71,384.81,383.17,1778.67,320.28,7.2,2007,31499.256,8108.338,2612.956,5593.206,1126.199,12724.451,11184.312,5736.637,46734.879,20069.822,6757308776.0,59897670914608.0,3,566,0.0,381.4725,0.0,1776.4904166666665,-89.0579487179487,0,36364.805
2007-03,0.71,384.81,383.17,1780.26,320.38,7.2,2007,31499.256,8108.338,2612.956,5593.206,1126.199,12724.451,11184.312,5736.637,46734.879,20069.822,6757308776.0,59897670914608.0,3,566,0.0,381.9533333333333,1.5899999999999181,1777.5754166666668,-89.0579487179487,0,36364.805
2007-03,0.71,384.81,383.17,1780.26,320.28,7.2,2007,31499.256,8108.338,2612.956,5593.206,1126.199,12724.451,11184.312,5736.637,46734.879,20069.822,6757308776.0,59897670914608.0,3,566,0.0,382.43416666666667,0.0,1778.6604166666666,-89.0579487179487,0,36364.805
2007-04,0.77,386.73,383.95,1779.77,320.25,5.4,2007,31499.256,8108.338,2612.956,5593.206,1126.199,12724.451,11184.312,5736.637,46734.879,20069.822,6757308776.0,59897670914608.0,4,567,1.920000000000016,383.0508333333333,-0.4900000000000091,1779.2458333333334,-90.8579487179487,0,36364.805
2007-05,0.69,386.78,383.56,1779.28,320.22,19.5,2007,31499.256,8108.338,2612.956,5593.206,1126.199,12724.451,11184.312,5736.637,46734.879,20069.822,6757308776.0,59897670914608.0,5,568,0.049999999999954525,383.58666666666676,-0.4900000000000091,1779.3316666666667,-76.75794871794871,0,36364.805
2007-05,0.69,386.78,383.56,1779.28,320.18,19.5,2007,31499.256,8108.338,2612.956,5593.206,1126.199,12724.451,11184.312,5736.637,46734.879,20069.822,6757308776.0,59897670914608.0,5,568,0.0,384.1225,0.0,1779.4175000000002,-76.75794871794871,0,36364.805
2007-05,0.69,386.78,383.56,1781.02,320.22,19.5,2007,31499.256,8108.338,2612.956,5593.206,1126.199,12724.451,11184.312,5736.637,46734.879,20069.822,6757308776.0,59897670914608.0,5,568,0.0,384.6583333333333,1.740000000000009,1779.5824999999998,-76.75794871794871,0,36364.805
2007-05,0.69,386.78,383.56,1781.02,320.18,19.5,2007,31499.256,8108.338,2612.956,5593.206,1126.199,12724.451,11184.312,5736.637,46734.879,20069.822,6757308776.0,59897670914608.0,5,568,0.0,385.19416666666666,0.0,1779.7474999999997,-76.75794871794871,0,36364.805
2007-06,0.61,386.33,384.06,1775.48,320.24,21.3,2007,31499.256,8108.338,2612.956,5593.206,1126.199,12724.451,11184.312,5736.637,46734.879,20069.822,6757308776.0,59897670914608.0,6,569,-0.44999999999998863,385.5533333333333,-5.539999999999964,1779.378333333333,-74.95794871794871,0,36364.805
2007-07,0.59,384.73,384.25,1774.0700000000002,320.21000000000004,15.1,2007,31499.256,8108.338,2612.956,5593.206,1126.199,12724.451,11184.312,5736.637,46734.879,20069.822,6757308776.0,59897670914608.0,7,570,-1.599999999999966,385.6891666666667,-1.4099999999998545,1778.9191666666668,-81.15794871794871,0,36364.805
2007-08,0.6,382.24,383.95,1772.66,320.18,9.8,2007,31499.256,8108.338,2612.956,5593.206,1126.199,12724.451,11184.312,5736.637,46734.879,20069.822,6757308776.0,59897670914608.0,8,571,-2.490000000000009,385.53249999999997,-1.4100000000000819,1778.3700000000001,-86.45794871794871,0,36364.805
2007-09,0.6,381.2,384.56,1777.33,320.22,4.0,2007,31499.256,8108.338,2612.956,5593.206,1126.199,12724.451,11184.312,5736.637,46734.879,20069.822,6757308776.0,59897670914608.0,9,572,-1.0400000000000205,385.2316666666666,4.669999999999845,1778.2583333333332,-92.25794871794871,0,36364.805
2007-09,0.6,381.2,384.56,1777.33,320.46,4.0,2007,31499.256,8108.338,2612.956,5593.206,1126.199,12724.451,11184.312,5736.637,46734.879,20069.822,6757308776.0,59897670914608.0,9,572,0.0,384.93083333333334,0.0,1778.1466666666668,-92.25794871794871,0,36364.805
2007-09,0.6,381.2,384.56,1785.87,320.22,4.0,2007,31499.256,8108.338,2612.956,5593.206,1126.199,12724.451,11184.312,5736.637,46734.879,20069.822,6757308776.0,59897670914608.0,9,572,0.0,384.63000000000005,8.539999999999964,1778.6141666666665,-92.25794871794871,0,36364.805
2007-09,0.6,381.2,384.56,1785.87,320.46,4.0,2007,31499.256,8108.338,2612.956,5593.206,1126.199,12724.451,11184.312,5736.637,46734.879,20069.822,6757308776.0,59897670914608.0,9,572,0.0,384.32916666666665,0.0,1779.0816666666667,-92.25794871794871,0,36364.805
2007-10,0.59,381.37,384.72,1787.78,320.595,1.5,2007,31499.256,8108.338,2612.956,5593.206,1126.199,12724.451,11184.312,5736.637,46734.879,20069.822,6757308776.0,59897670914608.0,10,573,0.17000000000001592,383.8825,1.9100000000000819,1779.7491666666665,-94.75794871794871,0,36364.805
2007-11,0.59,382.7,384.9,1789.69,320.73,2.8,2007,31499.256,8108.338,2612.956,5593.206,1126.199,12724.451,11184.312,5736.637,46734.879,20069.822,6757308776.0,59897670914608.0,11,574,1.329999999999984,383.54249999999996,1.9100000000000819,1780.6166666666668,-93.45794871794871,0,36364.805
2007-11,0.59,382.7,384.9,1789.69,320.95,2.8,2007,31499.256,8108.338,2612.956,5593.206,1126.199,12724.451,11184.312,5736.637,46734.879,20069.822,6757308776.0,59897670914608.0,11,574,0.0,383.20249999999993,0.0,1781.4841666666664,-93.45794871794871,0,36364.805
2007-11,0.59,382.7,384.9,1789.32,320.73,2.8,2007,31499.256,8108.338,2612.956,5593.206,1126.199,12724.451,11184.312,5736.637,46734.879,20069.822,6757308776.0,59897670914608.0,11,574,0.0,382.8625,-0.37000000000011823,1782.1758333333335,-93.45794871794871,0,36364.805
2007-11,0.59,382.7,384.9,1789.32,320.95,2.8,2007,31499.256,8108.338,2612.956,5593.206,1126.199,12724.451,11184.312,5736.637,46734.879,20069.822,6757308776.0,59897670914608.0,11,574,0.0,382.52250000000004,0.0,1782.8675,-93.45794871794871,0,36364.805
2007-12,0.49,384.19,385.07,1788.08,321.16,17.3,2007,31499.256,8108.338,2612.956,5593.206,1126.199,12724.451,11184.312,5736.637,46734.879,20069.822,6757308776.0,59897670914608.0,12,575,1.490000000000009,382.3441666666667,-1.240000000000009,1783.9175000000002,-78.95794871794871,0,36364.805
2008-01,0.3,385.78,385.54,1787.3899999999999,321.245,4.1,2008,32049.66,8177.437,2582.949,5951.02,1137.397,13149.669,11143.34,5905.5,47666.078,20049.713,6844457659.0,59897670914608.0,1,576,1.589999999999975,382.4316666666666,-0.6900000000000546,1785.0275,-92.15794871794871,0,37286.926
2008-02,0.38,386.06,385.2,1786.7,321.33,2.9,2008,32049.66,8177.437,2582.949,5951.02,1137.397,13149.669,11143.34,5905.5,47666.078,20049.713,6844457659.0,59897670914608.0,2,577,0.28000000000002956,382.75,-0.6899999999998272,1786.1975,-93.3579487179487,0,37286.926
2008-03,0.74,386.28,384.72,1785.82,321.39,15.5,2008,32049.66,8177.437,2582.949,5951.02,1137.397,13149.669,11143.34,5905.5,47666.078,20049.713,6844457659.0,59897670914608.0,3,578,0.21999999999997044,383.17333333333335,-0.8800000000001091,1786.905,-80.75794871794871,0,37286.926
2008-03,0.74,386.28,384.72,1785.82,321.38,15.5,2008,32049.66,8177.437,2582.949,5951.02,1137.397,13149.669,11143.34,5905.5,47666.078,20049.713,6844457659.0,59897670914608.0,3,578,0.0,383.59666666666664,0.0,1787.6125,-80.75794871794871,0,37286.926
2008-03,0.74,386.28,384.72,1786.16,321.39,15.5,2008,32049.66,8177.437,2582.949,5951.02,1137.397,13149.669,11143.34,5905.5,47666.078,20049.713,6844457659.0,59897670914608.0,3,578,0.0,384.02,0.3400000000001455,1787.6366666666665,-80.75794871794871,0,37286.926
2008-03,0.74,386.28,384.72,1786.16,321.38,15.5,2008,32049.66,8177.437,2582.949,5951.02,1137.397,13149.669,11143.34,5905.5,47666.078,20049.713,6844457659.0,59897670914608.0,3,578,0.0,384.4433333333333,0.0,1787.6608333333334,-80.75794871794871,0,37286.926
2008-04,0.53,387.33,384.71,1786.525,321.385,3.6,2008,32049.66,8177.437,2582.949,5951.02,1137.397,13149.669,11143.34,5905.5,47666.078,20049.713,6844457659.0,59897670914608.0,4,579,1.0500000000000114,384.94,0.3650000000000091,1787.5562500000003,-92.65794871794871,0,37286.926
2008-05,0.49,388.78,385.69,1786.89,321.39,4.6,2008,32049.66,8177.437,2582.949,5951.02,1137.397,13149.669,11143.34,5905.5,47666.078,20049.713,6844457659.0,59897670914608.0,5,580,1.4499999999999886,385.44666666666666,0.3650000000000091,1787.3229166666667,-91.65794871794871,0,37286.926
2008-05,0.49,388.78,385.69,1786.89,321.43,4.6,2008,32049.66,8177.437,2582.949,5951.02,1137.397,13149.669,11143.34,5905.5,47666.078,20049.713,6844457659.0,59897670914608.0,5,580,0.0,385.9533333333334,0.0,1787.0895833333334,-91.65794871794871,0,37286.926
2008-05,0.49,388.78,385.69,1785.21,321.39,4.6,2008,32049.66,8177.437,2582.949,5951.02,1137.397,13149.669,11143.34,5905.5,47666.078,20049.713,6844457659.0,59897670914608.0,5,580,0.0,386.46,-1.6800000000000637,1786.7470833333334,-91.65794871794871,0,37286.926
2008-05,0.49,388.78,385.69,1785.21,321.43,4.6,2008,32049.66,8177.437,2582.949,5951.02,1137.397,13149.669,11143.34,5905.5,47666.078,20049.713,6844457659.0,59897670914608.0,5,580,0.0,386.96666666666664,0.0,1786.4045833333337,-91.65794871794871,0,37286.926
2008-06,0.49,387.99,385.68,1780.46,321.45,5.2,2008,32049.66,8177.437,2582.949,5951.02,1137.397,13149.669,11143.34,5905.5,47666.078,20049.713,6844457659.0,59897670914608.0,6,581,-0.7899999999999636,387.2833333333333,-4.75,1785.7695833333335,-91.0579487179487,0,37286.926
2008-07,0.6,386.61,386.05,1779.0500000000002,321.435,0.6,2008,32049.66,8177.437,2582.949,5951.02,1137.397,13149.669,11143.34,5905.5,47666.078,20049.713,6844457659.0,59897670914608.0,7,582,-1.3799999999999955,387.3525,-1.4099999999998545,1785.0745833333333,-95.65794871794871,0,37286.926
2008-08,0.45,384.32,385.98,1777.64,321.42,0.3,2008,32049.66,8177.437,2582.949,5951.02,1137.397,13149.669,11143.34,5905.5,47666.078,20049.713,6844457659.0,59897670914608.0,8,583,-2.2900000000000205,387.2075,-1.4100000000000819,1784.3195833333332,-95.95794871794871,0,37286.926
2008-09,0.6,383.41,386.69,1787.65,321.49,1.2,2008,32049.66,8177.437,2582.949,5951.02,1137.397,13149.669,11143.34,5905.5,47666.078,20049.713,6844457659.0,59897670914608.0,9,584,-0.9099999999999682,386.9683333333333,10.009999999999991,1784.4720833333333,-95.0579487179487,0,37286.926
2008-09,0.6,383.41,386.69,1787.65,321.4,1.2,2008,32049.66,8177.437,2582.949,5951.02,1137.397,13149.669,11143.34,5905.5,47666.078,20049.713,6844457659.0,59897670914608.0,9,584,0.0,386.7291666666667,0.0,1784.6245833333332,-95.0579487179487,0,37286.926
2008-09,0.6,383.41,386.69,1781.05,321.49,1.2,2008,32049.66,8177.437,2582.949,5951.02,1137.397,13149.669,11143.34,5905.5,47666.078,20049.713,6844457659.0,59897670914608.0,9,584,0.0,386.49,-6.600000000000136,1784.1987500000002,-95.0579487179487,0,37286.926
2008-09,0.6,383.41,386.69,1781.05,321.4,1.2,2008,32049.66,8177.437,2582.949,5951.02,1137.397,13149.669,11143.34,5905.5,47666.078,20049.713,6844457659.0,59897670914608.0,9,584,0.0,386.25083333333333,0.0,1783.7729166666668,-95.0579487179487,0,37286.926
2008-10,0.66,383.22,386.5,1787.365,321.525,4.2,2008,32049.66,8177.437,2582.949,5951.02,1137.397,13149.669,11143.34,5905.5,47666.078,20049.713,6844457659.0,59897670914608.0,10,585,-0.18999999999999773,385.9083333333333,6.315000000000055,1783.8429166666665,-92.0579487179487,0,37286.926
2008-11,0.69,384.41,386.58,1793.68,321.65,6.6,2008,32049.66,8177.437,2582.949,5951.02,1137.397,13149.669,11143.34,5905.5,47666.078,20049.713,6844457659.0,59897670914608.0,11,586,1.1899999999999977,385.54416666666674,6.315000000000055,1784.4087499999998,-89.65794871794871,0,37286.926
2008-11,0.69,384.41,386.58,1793.68,321.8,6.6,2008,32049.66,8177.437,2582.949,5951.02,1137.397,13149.669,11143.34,5905.5,47666.078,20049.713,6844457659.0,59897670914608.0,11,586,0.0,385.18,0.0,1784.9745833333334,-89.65794871794871,0,37286.926
2008-11,0.69,384.41,386.58,1797.31,321.65,6.6,2008,32049.66,8177.437,2582.949,5951.02,1137.397,13149.669,11143.34,5905.5,47666.078,20049.713,6844457659.0,59897670914608.0,11,586,0.0,384.81583333333333,3.6299999999998818,1785.9829166666668,-89.65794871794871,0,37286.926
2008-11,0.69,384.41,386.58,1797.31,321.8,6.6,2008,32049.66,8177.437,2582.949,5951.02,1137.397,13149.669,11143.34,5905.5,47666.078,20049.713,6844457659.0,59897670914608.0,11,586,0.0,384.45166666666665,0.0,1786.9912499999998,-89.65794871794871,0,37286.926
2008-12,0.53,385.79,386.64,1796.57,321.98,1.0,2008,32049.66,8177.437,2582.949,5951.02,1137.397,13149.669,11143.34,5905.5,47666.078,20049.713,6844457659.0,59897670914608.0,12,587,1.3799999999999955,384.2683333333334,-0.7400000000000091,1788.33375,-95.25794871794871,0,37286.926
2009-01,0.64,387.17,386.86,1795.815,322.095,1.3,2009,31513.014,8124.256,2552.738,6534.817,1170.606,13003.172,10899.597,5765.684,47682.02,19477.537,6932766416.0,59897670914608.0,1,588,1.3799999999999955,384.315,-0.7549999999998818,1789.7308333333333,-94.95794871794871,0,37373.876000000004
2009-02,0.53,387.7,386.81,1795.06,322.21,1.2,2009,31513.014,8124.256,2552.738,6534.817,1170.606,13003.172,10899.597,5765.684,47682.02,19477.537,6932766416.0,59897670914608.0,2,589,0.5299999999999727,384.59666666666664,-0.7550000000001091,1791.1825000000001,-95.0579487179487,0,37373.876000000004
2009-03,0.53,389.04,387.54,1795.59,322.34,0.6,2009,31513.014,8124.256,2552.738,6534.817,1170.606,13003.172,10899.597,5765.684,47682.02,19477.537,6932766416.0,59897670914608.0,3,590,1.3400000000000318,385.0658333333334,0.5299999999999727,1791.8441666666665,-95.65794871794871,0,37373.876000000004
2009-03,0.53,389.04,387.54,1795.59,322.27,0.6,2009,31513.014,8124.256,2552.738,6534.817,1170.606,13003.172,10899.597,5765.684,47682.02,19477.537,6932766416.0,59897670914608.0,3,590,0.0,385.5350000000001,0.0,1792.5058333333334,-95.65794871794871,0,37373.876000000004
2009-03,0.53,389.04,387.54,1795.93,322.34,0.6,2009,31513.014,8124.256,2552.738,6534.817,1170.606,13003.172,10899.597,5765.684,47682.02,19477.537,6932766416.0,59897670914608.0,3,590,0.0,386.00416666666666,0.3400000000001455,1793.7458333333332,-95.65794871794871,0,37373.876000000004
2009-03,0.53,389.04,387.54,1795.93,322.27,0.6,2009,31513.014,8124.256,2552.738,6534.817,1170.606,13003.172,10899.597,5765.684,47682.02,19477.537,6932766416.0,59897670914608.0,3,590,0.0,386.47333333333336,0.0,1794.9858333333332,-95.65794871794871,0,37373.876000000004
2009-04,0.61,389.76,387.15,1794.165,322.125,1.2,2009,31513.014,8124.256,2552.738,6534.817,1170.606,13003.172,10899.597,5765.684,47682.02,19477.537,6932766416.0,59897670914608.0,4,591,0.7199999999999704,387.0183333333334,-1.7650000000001,1795.5525,-95.0579487179487,0,37373.876000000004
2009-05,0.65,390.36,387.24,1792.4,321.98,2.9,2009,31513.014,8124.256,2552.738,6534.817,1170.606,13003.172,10899.597,5765.684,47682.02,19477.537,6932766416.0,59897670914608.0,5,592,0.6000000000000227,387.51416666666665,-1.7649999999998727,1795.4458333333334,-93.3579487179487,0,37373.876000000004
2009-05,0.65,390.36,387.24,1792.4,322.1,2.9,2009,31513.014,8124.256,2552.738,6534.817,1170.606,13003.172,10899.597,5765.684,47682.02,19477.537,6932766416.0,59897670914608.0,5,592,0.0,388.01,0.0,1795.3391666666666,-93.3579487179487,0,37373.876000000004
2009-05,0.65,390.36,387.24,1795.55,321.98,2.9,2009,31513.014,8124.256,2552.738,6534.817,1170.606,13003.172,10899.597,5765.684,47682.02,19477.537,6932766416.0,59897670914608.0,5,592,0.0,388.5058333333334,3.1499999999998636,1795.1924999999999,-93.3579487179487,0,37373.876000000004
2009-05,0.65,390.36,387.24,1795.55,322.1,2.9,2009,31513.014,8124.256,2552.738,6534.817,1170.606,13003.172,10899.597,5765.684,47682.02,19477.537,6932766416.0,59897670914608.0,5,592,0.0,389.0016666666667,0.0,1795.0458333333336,-93.3579487179487,0,37373.876000000004
2009-06,0.63,389.7,387.46,1786.95,321.95,6.3,2009,31513.014,8124.256,2552.738,6534.817,1170.606,13003.172,10899.597,5765.684,47682.02,19477.537,6932766416.0,59897670914608.0,6,593,-0.660000000000025,389.32750000000004,-8.599999999999909,1794.2441666666666,-89.95794871794871,0,37373.876000000004
2009-07,0.73,388.24,387.77,1786.005,321.985,5.5,2009,31513.014,8124.256,2552.738,6534.817,1170.606,13003.172,10899.597,5765.684,47682.02,19477.537,6932766416.0,59897670914608.0,7,594,-1.4599999999999795,389.4166666666667,-0.9449999999999363,1793.4266666666665,-90.75794871794871,0,37373.876000000004
2009-08,0.68,386.29,387.99,1785.06,322.02,0.0,2009,31513.014,8124.256,2552.738,6534.817,1170.606,13003.172,10899.597,5765.684,47682.02,19477.537,6932766416.0,59897670914608.0,8,595,-1.9499999999999886,389.2991666666667,-0.9450000000001637,1792.5933333333332,-96.25794871794871,0,37373.876000000004
2009-09,0.71,384.95,388.22,1788.92,322.15,7.1,2009,31513.014,8124.256,2552.738,6534.817,1170.606,13003.172,10899.597,5765.684,47682.02,19477.537,6932766416.0,59897670914608.0,9,596,-1.3400000000000318,388.9583333333333,3.8600000000001273,1792.0374999999997,-89.15794871794871,0,37373.876000000004
2009-09,0.71,384.95,388.22,1788.92,322.3,7.1,2009,31513.014,8124.256,2552.738,6534.817,1170.606,13003.172,10899.597,5765.684,47682.02,19477.537,6932766416.0,59897670914608.0,9,596,0.0,388.6175,0.0,1791.4816666666668,-89.15794871794871,0,37373.876000000004
2009-09,0.71,384.95,388.22,1794.81,322.15,7.1,2009,31513.014,8124.256,2552.738,6534.817,1170.606,13003.172,10899.597,5765.684,47682.02,19477.537,6932766416.0,59897670914608.0,9,596,0.0,388.27666666666664,5.889999999999873,1791.3883333333335,-89.15794871794871,0,37373.876000000004
2009-09,0.71,384.95,388.22,1794.81,322.3,7.1,2009,31513.014,8124.256,2552.738,6534.817,1170.606,13003.172,10899.597,5765.684,47682.02,19477.537,6932766416.0,59897670914608.0,9,596,0.0,387.9358333333333,0.0,1791.295,-89.15794871794871,0,37373.876000000004
2009-10,0.65,384.64,387.88,1796.4099999999999,322.405,7.7,2009,31513.014,8124.256,2552.738,6534.817,1170.606,13003.172,10899.597,5765.684,47682.02,19477.537,6932766416.0,59897670914608.0,10,597,-0.3100000000000023,387.5091666666667,1.599999999999909,1791.4820833333333,-88.5579487179487,0,37373.876000000004
2009-11,0.79,386.23,388.36,1798.01,322.51,6.9,2009,31513.014,8124.256,2552.738,6534.817,1170.606,13003.172,10899.597,5765.684,47682.02,19477.537,6932766416.0,59897670914608.0,11,598,1.5900000000000318,387.16499999999996,1.6000000000001364,1791.9495833333333,-89.3579487179487,0,37373.876000000004
2009-11,0.79,386.23,388.36,1798.01,322.71,6.9,2009,31513.014,8124.256,2552.738,6534.817,1170.606,13003.172,10899.597,5765.684,47682.02,19477.537,6932766416.0,59897670914608.0,11,598,0.0,386.8208333333334,0.0,1792.4170833333335,-89.3579487179487,0,37373.876000000004
2009-11,0.79,386.23,388.36,1797.86,322.51,6.9,2009,31513.014,8124.256,2552.738,6534.817,1170.606,13003.172,10899.597,5765.684,47682.02,19477.537,6932766416.0,59897670914608.0,11,598,0.0,386.47666666666663,-0.15000000000009095,1792.6095833333336,-89.3579487179487,0,37373.876000000004
2009-11,0.79,386.23,388.36,1797.86,322.71,6.9,2009,31513.014,8124.256,2552.738,6534.817,1170.606,13003.172,10899.597,5765.684,47682.02,19477.537,6932766416.0,59897670914608.0,11,598,0.0,386.1325,0.0,1792.8020833333333,-89.3579487179487,0,37373.876000000004
2009-12,0.67,387.63,388.43,1796.73,322.84,16.3,2009,31513.014,8124.256,2552.738,6534.817,1170.606,13003.172,10899.597,5765.684,47682.02,19477.537,6932766416.0,59897670914608.0,12,599,1.3999999999999773,385.96000000000004,-1.1299999999998818,1793.6170833333335,-79.95794871794871,0,37373.876000000004
2010-01,0.74,388.91,388.62,1797.05,322.875,19.5,2010,33317.672,8257.109,2617.387,6517.829,1251.813,13918.224,11253.694,6205.78,49602.09,20166.256,7021732143.0,89807710403740.0,1,600,1.2800000000000296,386.0158333333334,0.31999999999993634,1794.5375000000001,-76.75794871794871,0,39147.34
2010-02,0.83,390.41,389.47,1797.37,322.91,28.5,2010,33317.672,8257.109,2617.387,6517.829,1251.813,13918.224,11253.694,6205.78,49602.09,20166.256,7021732143.0,89807710403740.0,2,601,1.5,386.3591666666667,0.31999999999993634,1795.5633333333333,-67.75794871794871,0,39147.34
2010-03,0.92,391.37,389.85,1798.96,322.93,24.0,2010,33317.672,8257.109,2617.387,6517.829,1251.813,13918.224,11253.694,6205.78,49602.09,20166.256,7021732143.0,89807710403740.0,3,602,0.9599999999999795,386.89416666666665,1.5900000000001455,1796.3999999999999,-72.25794871794871,0,39147.34
2010-03,0.92,391.37,389.85,1798.96,322.94,24.0,2010,33317.672,8257.109,2617.387,6517.829,1251.813,13918.224,11253.694,6205.78,49602.09,20166.256,7021732143.0,89807710403740.0,3,602,0.0,387.4291666666666,0.0,1797.2366666666667,-72.25794871794871,0,39147.34
2010-03,0.92,391.37,389.85,1799.49,322.93,24.0,2010,33317.672,8257.109,2617.387,6517.829,1251.813,13918.224,11253.694,6205.78,49602.09,20166.256,7021732143.0,89807710403740.0,3,602,0.0,387.96416666666664,0.5299999999999727,1797.6266666666663,-72.25794871794871,0,39147.34
2010-03,0.92,391.37,389.85,1799.49,322.94,24.0,2010,33317.672,8257.109,2617.387,6517.829,1251.813,13918.224,11253.694,6205.78,49602.09,20166.256,7021732143.0,89807710403740.0,3,602,0.0,388.4991666666667,0.0,1798.0166666666667,-72.25794871794871,0,39147.34
2010-04,0.85,392.67,390.12,1799.55,322.95500000000004,10.4,2010,33317.672,8257.109,2617.387,6517.829,1251.813,13918.224,11253.694,6205.78,49602.09,20166.256,7021732143.0,89807710403740.0,4,603,1.3000000000000114,389.16833333333335,0.05999999999994543,1798.2783333333334,-85.8579487179487,0,39147.34
2010-05,0.75,393.21,390.09,1799.61,322.97,13.9,2010,33317.672,8257.109,2617.387,6517.829,1251.813,13918.224,11253.694,6205.78,49602.09,20166.256,7021732143.0,89807710403740.0,5,604,0.5399999999999636,389.75,0.05999999999994543,1798.4116666666666,-82.3579487179487,0,39147.34
2010-05,0.75,393.21,390.09,1799.61,323.01,13.9,2010,33317.672,8257.109,2617.387,6517.829,1251.813,13918.224,11253.694,6205.78,49602.09,20166.256,7021732143.0,89807710403740.0,5,604,0.0,390.33166666666665,0.0,1798.545,-82.3579487179487,0,39147.34
2010-05,0.75,393.21,390.09,1797.63,322.97,13.9,2010,33317.672,8257.109,2617.387,6517.829,1251.813,13918.224,11253.694,6205.78,49602.09,20166.256,7021732143.0,89807710403740.0,5,604,0.0,390.91333333333336,-1.9799999999997908,1798.5258333333331,-82.3579487179487,0,39147.34
2010-05,0.75,393.21,390.09,1797.63,323.01,13.9,2010,33317.672,8257.109,2617.387,6517.829,1251.813,13918.224,11253.694,6205.78,49602.09,20166.256,7021732143.0,89807710403740.0,5,604,0.0,391.49499999999995,0.0,1798.5066666666664,-82.3579487179487,0,39147.34
2010-06,0.67,392.38,390.1,1792.4,323.0,18.8,2010,33317.672,8257.109,2617.387,6517.829,1251.813,13918.224,11253.694,6205.78,49602.09,20166.256,7021732143.0,89807710403740.0,6,605,-0.8299999999999841,391.8908333333333,-5.230000000000018,1798.1458333333333,-77.45794871794871,0,39147.34
2010-07,0.63,390.41,389.93,1790.845,323.01,25.2,2010,33317.672,8257.109,2617.387,6517.829,1251.813,13918.224,11253.694,6205.78,49602.09,20166.256,7021732143.0,89807710403740.0,7,606,-1.9699999999999704,392.0158333333333,-1.5550000000000637,1797.6287499999999,-71.0579487179487,0,39147.34
2010-08,0.66,388.54,390.21,1789.29,323.02,29.6,2010,33317.672,8257.109,2617.387,6517.829,1251.813,13918.224,11253.694,6205.78,49602.09,20166.256,7021732143.0,89807710403740.0,8,607,-1.8700000000000045,391.85999999999996,-1.5550000000000637,1796.9554166666667,-66.6579487179487,0,39147.34
2010-09,0.62,387.03,390.32,1794.0,323.1,36.4,2010,33317.672,8257.109,2617.387,6517.829,1251.813,13918.224,11253.694,6205.78,49602.09,20166.256,7021732143.0,89807710403740.0,9,608,-1.5100000000000477,391.4983333333334,4.710000000000036,1796.5420833333335,-59.85794871794871,0,39147.34
2010-09,0.62,387.03,390.32,1794.0,323.26,36.4,2010,33317.672,8257.109,2617.387,6517.829,1251.813,13918.224,11253.694,6205.78,49602.09,20166.256,7021732143.0,89807710403740.0,9,608,0.0,391.1366666666667,0.0,1796.1287499999999,-59.85794871794871,0,39147.34
2010-09,0.62,387.03,390.32,1801.93,323.1,36.4,2010,33317.672,8257.109,2617.387,6517.829,1251.813,13918.224,11253.694,6205.78,49602.09,20166.256,7021732143.0,89807710403740.0,9,608,0.0,390.77500000000003,7.930000000000064,1796.3320833333335,-59.85794871794871,0,39147.34
2010-09,0.62,387.03,390.32,1801.93,323.26,36.4,2010,33317.672,8257.109,2617.387,6517.829,1251.813,13918.224,11253.694,6205.78,49602.09,20166.256,7021732143.0,89807710403740.0,9,608,0.0,390.41333333333324,0.0,1796.5354166666666,-59.85794871794871,0,39147.34
2010-10,0.71,387.43,390.72,1804.33,323.385,33.6,2010,33317.672,8257.109,2617.387,6517.829,1251.813,13918.224,11253.694,6205.78,49602.09,20166.256,7021732143.0,89807710403740.0,10,609,0.4000000000000341,389.97666666666663,2.3999999999998636,1796.9337500000001,-62.657948717948706,0,39147.34
2010-11,0.81,388.87,390.99,1806.73,323.51,34.4,2010,33317.672,8257.109,2617.387,6517.829,1251.813,13918.224,11253.694,6205.78,49602.09,20166.256,7021732143.0,89807710403740.0,11,610,1.4399999999999977,389.615,2.400000000000091,1797.5270833333334,-61.85794871794871,0,39147.34
2010-11,0.81,388.87,390.99,1806.73,323.75,34.4,2010,33317.672,8257.109,2617.387,6517.829,1251.813,13918.224,11253.694,6205.78,49602.09,20166.256,7021732143.0,89807710403740.0,11,610,0.0,389.25333333333333,0.0,1798.1204166666666,-61.85794871794871,0,39147.34
2010-11,0.81,388.87,390.99,1807.07,323.51,34.4,2010,33317.672,8257.109,2617.387,6517.829,1251.813,13918.224,11253.694,6205.78,49602.09,20166.256,7021732143.0,89807710403740.0,11,610,0.0,388.89166666666665,0.33999999999991815,1798.9070833333335,-61.85794871794871,0,39147.34
2010-11,0.81,388.87,390.99,1807.07,323.75,34.4,2010,33317.672,8257.109,2617.387,6517.829,1251.813,13918.224,11253.694,6205.78,49602.09,20166.256,7021732143.0,89807710403740.0,11,610,0.0,388.53000000000003,0.0,1799.6937500000001,-61.85794871794871,0,39147.34
2010-12,0.45,389.99,390.8,1803.28,323.92,24.5,2010,33317.672,8257.109,2617.387,6517.829,1251.813,13918.224,11253.694,6205.78,49602.09,20166.256,7021732143.0,89807710403740.0,12,611,1.1200000000000045,388.3308333333334,-3.7899999999999636,1800.6004166666664,-71.75794871794871,0,39147.34
2011-01,0.52,391.5,391.19,1801.635,323.975,27.3,2011,34479.988,8498.255,2703.093,6392.556,1344.747,14704.223,11310.148,6389.33,50934.176,20378.969,7110923773.0,89807710403740.0,1,612,1.509999999999991,388.4216666666667,-1.6449999999999818,1801.4995833333335,-68.95794871794871,0,40141.004
2011-02,0.47,392.05,391.12,1799.99,324.03,48.3,2011,34479.988,8498.255,2703.093,6392.556,1344.747,14704.223,11310.148,6389.33,50934.176,20378.969,7110923773.0,89807710403740.0,2,613,0.5500000000000114,388.7141666666667,-1.6449999999999818,1802.39125,-47.95794871794871,0,40141.004
2011-03,0.65,392.8,391.27,1800.03,324.07,78.6,2011,34479.988,8498.255,2703.093,6392.556,1344.747,14704.223,11310.148,6389.33,50934.176,20378.969,7110923773.0,89807710403740.0,3,614,0.75,389.19499999999994,0.03999999999996362,1802.8937500000002,-17.657948717948713,0,40141.004
2011-03,0.65,392.8,391.27,1800.03,324.07,78.6,2011,34479.988,8498.255,2703.093,6392.556,1344.747,14704.223,11310.148,6389.33,50934.176,20378.969,7110923773.0,89807710403740.0,3,614,0.0,389.6758333333333,0.0,1803.39625,-17.657948717948713,0,40141.004
2011-03,0.65,392.8,391.27,1801.03,324.07,78.6,2011,34479.988,8498.255,2703.093,6392.556,1344.747,14704.223,11310.148,6389.33,50934.176,20378.969,7110923773.0,89807710403740.0,3,614,0.0,390.1566666666667,1.0,1803.32125,-17.657948717948713,0,40141.004
2011-03,0.65,392.8,391.27,1801.03,324.07,78.6,2011,34479.988,8498.255,2703.093,6392.556,1344.747,14704.223,11310.148,6389.33,50934.176,20378.969,7110923773.0,89807710403740.0,3,614,0.0,390.63750000000005,0.0,1803.2462500000001,-17.657948717948713,0,40141.004
2011-04,0.64,393.44,390.83,1801.925,324.065,76.1,2011,34479.988,8498.255,2703.093,6392.556,1344.747,14704.223,11310.148,6389.33,50934.176,20378.969,7110923773.0,89807710403740.0,4,615,0.6399999999999864,391.1383333333333,0.8949999999999818,1803.0458333333333,-20.157948717948713,0,40141.004
2011-05,0.53,394.41,391.24,1802.82,324.06,58.2,2011,34479.988,8498.255,2703.093,6392.556,1344.747,14704.223,11310.148,6389.33,50934.176,20378.969,7110923773.0,89807710403740.0,5,616,0.9700000000000273,391.6000000000001,0.8949999999999818,1802.72,-38.057948717948705,0,40141.004
2011-05,0.53,394.41,391.24,1802.82,324.05,58.2,2011,34479.988,8498.255,2703.093,6392.556,1344.747,14704.223,11310.148,6389.33,50934.176,20378.969,7110923773.0,89807710403740.0,5,616,0.0,392.0616666666667,0.0,1802.3941666666667,-38.057948717948705,0,40141.004
2011-05,0.53,394.41,391.24,1803.13,324.06,58.2,2011,34479.988,8498.255,2703.093,6392.556,1344.747,14704.223,11310.148,6389.33,50934.176,20378.969,7110923773.0,89807710403740.0,5,616,0.0,392.52333333333337,0.3100000000001728,1802.0658333333333,-38.057948717948705,0,40141.004
2011-05,0.53,394.41,391.24,1803.13,324.05,58.2,2011,34479.988,8498.255,2703.093,6392.556,1344.747,14704.223,11310.148,6389.33,50934.176,20378.969,7110923773.0,89807710403740.0,5,616,0.0,392.98499999999996,0.0,1801.7375,-38.057948717948705,0,40141.004
2011-06,0.62,393.95,391.64,1798.99,324.05,56.1,2011,34479.988,8498.255,2703.093,6392.556,1344.747,14704.223,11310.148,6389.33,50934.176,20378.969,7110923773.0,89807710403740.0,6,617,-0.4600000000000364,393.315,-4.1400000000001,1801.38,-40.157948717948706,0,40141.004
2011-07,0.7,392.72,392.24,1797.52,324.05,64.5,2011,34479.988,8498.255,2703.093,6392.556,1344.747,14704.223,11310.148,6389.33,50934.176,20378.969,7110923773.0,89807710403740.0,7,618,-1.2299999999999613,393.4166666666667,-1.4700000000000273,1801.0370833333334,-31.757948717948707,0,40141.004
2011-08,0.74,390.33,392.04,1796.05,324.05,65.8,2011,34479.988,8498.255,2703.093,6392.556,1344.747,14704.223,11310.148,6389.33,50934.176,20378.969,7110923773.0,89807710403740.0,8,619,-2.390000000000043,393.2733333333333,-1.4700000000000273,1800.70875,-30.45794871794871,0,40141.004
2011-09,0.55,389.28,392.6,1798.99,324.1,120.1,2011,34479.988,8498.255,2703.093,6392.556,1344.747,14704.223,11310.148,6389.33,50934.176,20378.969,7110923773.0,89807710403740.0,9,620,-1.0500000000000114,392.98,2.9400000000000546,1800.622083333333,23.842051282051287,0,40141.004
2011-09,0.55,389.28,392.6,1798.99,324.24,120.1,2011,34479.988,8498.255,2703.093,6392.556,1344.747,14704.223,11310.148,6389.33,50934.176,20378.969,7110923773.0,89807710403740.0,9,620,0.0,392.6866666666667,0.0,1800.5354166666666,23.842051282051287,0,40141.004
2011-09,0.55,389.28,392.6,1804.16,324.1,120.1,2011,34479.988,8498.255,2703.093,6392.556,1344.747,14704.223,11310.148,6389.33,50934.176,20378.969,7110923773.0,89807710403740.0,9,620,0.0,392.3933333333334,5.170000000000073,1800.79625,23.842051282051287,0,40141.004
2011-09,0.55,389.28,392.6,1804.16,324.24,120.1,2011,34479.988,8498.255,2703.093,6392.556,1344.747,14704.223,11310.148,6389.33,50934.176,20378.969,7110923773.0,89807710403740.0,9,620,0.0,392.09999999999997,0.0,1801.0570833333334,23.842051282051287,0,40141.004
2011-10,0.65,389.19,392.53,1806.88,324.345,125.7,2011,34479.988,8498.255,2703.093,6392.556,1344.747,14704.223,11310.148,6389.33,50934.176,20378.969,7110923773.0,89807710403740.0,10,621,-0.08999999999997499,391.7458333333334,2.7200000000000273,1801.47,29.442051282051295,0,40141.004
2011-11,0.59,390.48,392.64,1809.6,324.45,139.1,2011,34479.988,8498.255,2703.093,6392.556,1344.747,14704.223,11310.148,6389.33,50934.176,20378.969,7110923773.0,89807710403740.0,11,622,1.2900000000000205,391.41833333333335,2.7199999999998,1802.0349999999999,42.84205128205129,0,40141.004
2011-11,0.59,390.48,392.64,1809.6,324.64,139.1,2011,34479.988,8498.255,2703.093,6392.556,1344.747,14704.223,11310.148,6389.33,50934.176,20378.969,7110923773.0,89807710403740.0,11,622,0.0,391.09083333333336,0.0,1802.6000000000001,42.84205128205129,0,40141.004
2011-11,0.59,390.48,392.64,1812.32,324.45,139.1,2011,34479.988,8498.255,2703.093,6392.556,1344.747,14704.223,11310.148,6389.33,50934.176,20378.969,7110923773.0,89807710403740.0,11,622,0.0,390.7633333333333,2.7200000000000273,1803.3658333333333,42.84205128205129,0,40141.004
2011-11,0.59,390.48,392.64,1812.32,324.64,139.1,2011,34479.988,8498.255,2703.093,6392.556,1344.747,14704.223,11310.148,6389.33,50934.176,20378.969,7110923773.0,89807710403740.0,11,622,0.0,390.4358333333333,0.0,1804.131666666667,42.84205128205129,0,40141.004
2011-12,0.6,392.06,392.86,1810.04,324.77,109.3,2011,34479.988,8498.255,2703.093,6392.556,1344.747,14704.223,11310.148,6389.33,50934.176,20378.969,7110923773.0,89807710403740.0,12,623,1.579999999999984,390.27833333333336,-2.2799999999999727,1805.0525,13.04205128205129,0,40141.004
2012-01,0.47,393.31,393.07,1808.74,324.835,94.4,2012,34954.734,8568.392,2717.485,6682.122,1377.354,14867.802,11432.716,6523.143,51787.148,20413.594,7201202478.0,89807710403740.0,1,624,1.25,390.32750000000004,-1.2999999999999545,1805.9875,-1.8579487179487018,0,40883.137
2012-02,0.48,394.04,393.2,1807.44,324.9,47.8,2012,34954.734,8568.392,2717.485,6682.122,1377.354,14867.802,11432.716,6523.143,51787.148,20413.594,7201202478.0,89807710403740.0,2,625,0.7300000000000182,390.6366666666667,-1.2999999999999545,1806.9366666666665,-48.45794871794871,0,40883.137
2012-03,0.56,394.59,392.99,1810.05,324.95,86.6,2012,34954.734,8568.392,2717.485,6682.122,1377.354,14867.802,11432.716,6523.143,51787.148,20413.594,7201202478.0,89807710403740.0,3,626,0.5499999999999545,391.0791666666667,2.6099999999999,1807.8583333333336,-9.657948717948713,0,40883.137
2012-03,0.56,394.59,392.99,1808.39,324.95,86.6,2012,34954.734,8568.392,2717.485,6682.122,1377.354,14867.802,11432.716,6523.143,51787.148,20413.594,7201202478.0,89807710403740.0,3,626,0.0,391.5216666666666,-1.6599999999998545,1808.6416666666667,-9.657948717948713,0,40883.137
2012-03,0.56,394.59,392.99,1808.39,324.97,86.6,2012,34954.734,8568.392,2717.485,6682.122,1377.354,14867.802,11432.716,6523.143,51787.148,20413.594,7201202478.0,89807710403740.0,3,626,0.0,391.96416666666664,0.0,1808.9941666666666,-9.657948717948713,0,40883.137
2012-03,0.56,394.59,392.99,1810.05,324.97,86.6,2012,34954.734,8568.392,2717.485,6682.122,1377.354,14867.802,11432.716,6523.143,51787.148,20413.594,7201202478.0,89807710403740.0,3,626,0.0,392.4066666666667,1.6599999999998545,1809.485,-9.657948717948713,0,40883.137
2012-04,0.72,396.38,393.65,1809.28,324.94500000000005,85.9,2012,34954.734,8568.392,2717.485,6682.122,1377.354,14867.802,11432.716,6523.143,51787.148,20413.594,7201202478.0,89807710403740.0,4,627,1.7900000000000205,393.0058333333334,-0.7699999999999818,1809.6850000000002,-10.357948717948702,0,40883.137
2012-05,0.78,396.93,393.73,1808.51,324.92,96.5,2012,34954.734,8568.392,2717.485,6682.122,1377.354,14867.802,11432.716,6523.143,51787.148,20413.594,7201202478.0,89807710403740.0,5,628,0.5500000000000114,393.54333333333335,-0.7699999999999818,1809.5941666666668,0.24205128205129256,0,40883.137
2012-05,0.78,396.93,393.73,1808.51,324.9,96.5,2012,34954.734,8568.392,2717.485,6682.122,1377.354,14867.802,11432.716,6523.143,51787.148,20413.594,7201202478.0,89807710403740.0,5,628,0.0,394.0808333333334,0.0,1809.503333333333,0.24205128205129256,0,40883.137
2012-05,0.78,396.93,393.73,1804.84,324.92,96.5,2012,34954.734,8568.392,2717.485,6682.122,1377.354,14867.802,11432.716,6523.143,51787.148,20413.594,7201202478.0,89807710403740.0,5,628,0.0,394.61833333333334,-3.6700000000000728,1808.8799999999999,0.24205128205129256,0,40883.137
2012-05,0.78,396.93,393.73,1804.84,324.9,96.5,2012,34954.734,8568.392,2717.485,6682.122,1377.354,14867.802,11432.716,6523.143,51787.148,20413.594,7201202478.0,89807710403740.0,5,628,0.0,395.1558333333334,0.0,1808.2566666666664,0.24205128205129256,0,40883.137
2012-06,0.64,395.91,393.63,1801.04,324.86,92.0,2012,34954.734,8568.392,2717.485,6682.122,1377.354,14867.802,11432.716,6523.143,51787.148,20413.594,7201202478.0,89807710403740.0,6,629,-1.0199999999999818,395.4766666666667,-3.7999999999999545,1807.5066666666664,-4.257948717948707,0,40883.137
2012-07,0.58,394.56,394.12,1800.1999999999998,324.865,100.1,2012,34954.734,8568.392,2717.485,6682.122,1377.354,14867.802,11432.716,6523.143,51787.148,20413.594,7201202478.0,89807710403740.0,7,630,-1.3500000000000227,395.58083333333326,-0.8400000000001455,1806.795,3.842051282051287,0,40883.137
2012-08,0.65,392.59,394.37,1799.36,324.87,94.8,2012,34954.734,8568.392,2717.485,6682.122,1377.354,14867.802,11432.716,6523.143,51787.148,20413.594,7201202478.0,89807710403740.0,8,631,-1.9700000000000273,395.46,-0.8399999999999181,1806.1216666666667,-1.4579487179487103,0,40883.137
2012-09,0.71,391.32,394.75,1803.29,324.97,93.7,2012,34954.734,8568.392,2717.485,6682.122,1377.354,14867.802,11432.716,6523.143,51787.148,20413.594,7201202478.0,89807710403740.0,9,632,-1.2699999999999818,395.1875,3.9300000000000637,1805.5583333333332,-2.5579487179487046,0,40883.137
2012-09,0.71,391.32,394.75,1803.29,325.12,93.7,2012,34954.734,8568.392,2717.485,6682.122,1377.354,14867.802,11432.716,6523.143,51787.148,20413.594,7201202478.0,89807710403740.0,9,632,0.0,394.915,0.0,1805.1333333333332,-2.5579487179487046,0,40883.137
2012-09,0.71,391.32,394.75,1810.16,324.97,93.7,2012,34954.734,8568.392,2717.485,6682.122,1377.354,14867.802,11432.716,6523.143,51787.148,20413.594,7201202478.0,89807710403740.0,9,632,0.0,394.6425,6.870000000000118,1805.2808333333332,-2.5579487179487046,0,40883.137
2012-09,0.71,391.32,394.75,1810.16,325.12,93.7,2012,34954.734,8568.392,2717.485,6682.122,1377.354,14867.802,11432.716,6523.143,51787.148,20413.594,7201202478.0,89807710403740.0,9,632,0.0,394.36999999999995,0.0,1805.29,-2.5579487179487046,0,40883.137
2012-10,0.79,391.27,394.64,1813.055,325.275,76.5,2012,34954.734,8568.392,2717.485,6682.122,1377.354,14867.802,11432.716,6523.143,51787.148,20413.594,7201202478.0,89807710403740.0,10,633,-0.05000000000001137,393.94416666666666,2.894999999999982,1805.604583333333,-19.757948717948707,0,40883.137
2012-11,0.78,393.2,395.25,1815.95,325.43,87.6,2012,34954.734,8568.392,2717.485,6682.122,1377.354,14867.802,11432.716,6523.143,51787.148,20413.594,7201202478.0,89807710403740.0,11,634,1.9300000000000068,393.63333333333327,2.894999999999982,1806.2245833333334,-8.657948717948713,0,40883.137
2012-11,0.78,393.2,395.25,1815.95,325.28,87.6,2012,34954.734,8568.392,2717.485,6682.122,1377.354,14867.802,11432.716,6523.143,51787.148,20413.594,7201202478.0,89807710403740.0,11,634,0.0,393.3225,0.0,1806.8445833333335,-8.657948717948713,0,40883.137
2012-11,0.78,393.2,395.25,1814.86,325.43,87.6,2012,34954.734,8568.392,2717.485,6682.122,1377.354,14867.802,11432.716,6523.143,51787.148,20413.594,7201202478.0,89807710403740.0,11,634,0.0,393.0116666666666,-1.0900000000001455,1807.6795833333335,-8.657948717948713,0,40883.137
2012-11,0.78,393.2,395.25,1814.86,325.28,87.6,2012,34954.734,8568.392,2717.485,6682.122,1377.354,14867.802,11432.716,6523.143,51787.148,20413.594,7201202478.0,89807710403740.0,11,634,0.0,392.7008333333333,0.0,1808.5145833333333,-8.657948717948713,0,40883.137
2012-12,0.52,394.57,395.27,1814.56,325.53,56.8,2012,34954.734,8568.392,2717.485,6682.122,1377.354,14867.802,11432.716,6523.143,51787.148,20413.594,7201202478.0,89807710403740.0,12,635,1.3700000000000045,392.58916666666664,-0.2999999999999545,1809.64125,-39.45794871794871,0,40883.137
2013-01,0.71,395.78,395.62,1814.3049999999998,325.55499999999995,96.1,2013,35275.82,8520.598,2700.372,6319.521,1441.334,14953.153,11516.626,6573.116,51689.281,20516.178,7291793585.0,89807710403740.0,1,636,1.2099999999999795,392.69083333333333,-0.25500000000010914,1810.8166666666666,-0.15794871794871312,0,40803.75000000001
2013-02,0.61,397.03,396.23,1814.05,325.58,60.9,2013,35275.82,8520.598,2700.372,6319.521,1441.334,14953.153,11516.626,6573.116,51689.281,20516.178,7291793585.0,89807710403740.0,2,637,1.25,393.0608333333333,-0.25499999999988177,1812.0408333333332,-35.35794871794871,0,40803.75000000001
2013-03,0.67,397.66,396.07,1814.15,325.62,78.3,2013,35275.82,8520.598,2700.372,6319.521,1441.334,14953.153,11516.626,6573.116,51689.281,20516.178,7291793585.0,89807710403740.0,3,638,0.6300000000000523,393.5891666666667,0.10000000000013642,1812.9458333333334,-17.95794871794871,0,40803.75000000001
2013-03,0.67,397.66,396.07,1814.15,325.68,78.3,2013,35275.82,8520.598,2700.372,6319.521,1441.334,14953.153,11516.626,6573.116,51689.281,20516.178,7291793585.0,89807710403740.0,3,638,0.0,394.1175,0.0,1813.8508333333332,-17.95794871794871,0,40803.75000000001
2013-03,0.67,397.66,396.07,1813.25,325.62,78.3,2013,35275.82,8520.598,2700.372,6319.521,1441.334,14953.153,11516.626,6573.116,51689.281,20516.178,7291793585.0,89807710403740.0,3,638,0.0,394.6458333333333,-0.900000000000091,1814.1083333333333,-17.95794871794871,0,40803.75000000001
2013-03,0.67,397.66,396.07,1813.25,325.68,78.3,2013,35275.82,8520.598,2700.372,6319.521,1441.334,14953.153,11516.626,6573.116,51689.281,20516.178,7291793585.0,89807710403740.0,3,638,0.0,395.1741666666667,0.0,1814.3658333333333,-17.95794871794871,0,40803.75000000001
2013-04,0.53,398.64,395.79,1813.045,325.71000000000004,107.3,2013,35275.82,8520.598,2700.372,6319.521,1441.334,14953.153,11516.626,6573.116,51689.281,20516.178,7291793585.0,89807710403740.0,4,639,0.9799999999999613,395.78833333333336,-0.20499999999992724,1814.365,11.04205128205129,0,40803.75000000001
2013-05,0.6,400.02,396.64,1812.84,325.74,120.2,2013,35275.82,8520.598,2700.372,6319.521,1441.334,14953.153,11516.626,6573.116,51689.281,20516.178,7291793585.0,89807710403740.0,5,640,1.3799999999999955,396.3566666666666,-0.20500000000015461,1814.1058333333333,23.942051282051295,0,40803.75000000001
2013-05,0.6,400.02,396.64,1812.84,325.81,120.2,2013,35275.82,8520.598,2700.372,6319.521,1441.334,14953.153,11516.626,6573.116,51689.281,20516.178,7291793585.0,89807710403740.0,5,640,0.0,396.925,0.0,1813.8466666666666,23.942051282051295,0,40803.75000000001
2013-05,0.6,400.02,396.64,1811.93,325.74,120.2,2013,35275.82,8520.598,2700.372,6319.521,1441.334,14953.153,11516.626,6573.116,51689.281,20516.178,7291793585.0,89807710403740.0,5,640,0.0,397.49333333333334,-0.9099999999998545,1813.6025,23.942051282051295,0,40803.75000000001
2013-05,0.6,400.02,396.64,1811.93,325.81,120.2,2013,35275.82,8520.598,2700.372,6319.521,1441.334,14953.153,11516.626,6573.116,51689.281,20516.178,7291793585.0,89807710403740.0,5,640,0.0,398.06166666666667,0.0,1813.3583333333336,23.942051282051295,0,40803.75000000001
2013-06,0.69,398.81,396.48,1808.59,325.9,76.7,2013,35275.82,8520.598,2700.372,6319.521,1441.334,14953.153,11516.626,6573.116,51689.281,20516.178,7291793585.0,89807710403740.0,6,641,-1.2099999999999795,398.41499999999996,-3.3400000000001455,1812.8608333333334,-19.557948717948705,0,40803.75000000001
2013-07,0.6,397.51,397.13,1807.2849999999999,325.92999999999995,86.2,2013,35275.82,8520.598,2700.372,6319.521,1441.334,14953.153,11516.626,6573.116,51689.281,20516.178,7291793585.0,89807710403740.0,7,642,-1.3000000000000114,398.55916666666667,-1.3050000000000637,1812.2758333333334,-10.057948717948705,0,40803.75000000001
2013-08,0.7,395.39,397.27,1805.98,325.96,91.8,2013,35275.82,8520.598,2700.372,6319.521,1441.334,14953.153,11516.626,6573.116,51689.281,20516.178,7291793585.0,89807710403740.0,8,643,-2.1200000000000045,398.42250000000007,-1.3049999999998363,1811.6033333333335,-4.45794871794871,0,40803.75000000001
2013-09,0.76,393.72,397.24,1808.52,325.98,54.5,2013,35275.82,8520.598,2700.372,6319.521,1441.334,14953.153,11516.626,6573.116,51689.281,20516.178,7291793585.0,89807710403740.0,9,644,-1.669999999999959,398.0941666666666,2.5399999999999636,1811.1341666666667,-41.75794871794871,0,40803.75000000001
2013-09,0.76,393.72,397.24,1808.52,326.05,54.5,2013,35275.82,8520.598,2700.372,6319.521,1441.334,14953.153,11516.626,6573.116,51689.281,20516.178,7291793585.0,89807710403740.0,9,644,0.0,397.7658333333333,0.0,1810.665,-41.75794871794871,0,40803.75000000001
2013-09,0.76,393.72,397.24,1814.24,325.98,54.5,2013,35275.82,8520.598,2700.372,6319.521,1441.334,14953.153,11516.626,6573.116,51689.281,20516.178,7291793585.0,89807710403740.0,9,644,0.0,397.4375,5.720000000000027,1810.7475000000002,-41.75794871794871,0,40803.75000000001
2013-09,0.76,393.72,397.24,1814.24,326.05,54.5,2013,35275.82,8520.598,2700.372,6319.521,1441.334,14953.153,11516.626,6573.116,51689.281,20516.178,7291793585.0,89807710403740.0,9,644,0.0,397.1091666666667,0.0,1810.8300000000002,-41.75794871794871,0,40803.75000000001
2013-10,0.69,393.9,397.25,1816.375,326.125,114.4,2013,35275.82,8520.598,2700.372,6319.521,1441.334,14953.153,11516.626,6573.116,51689.281,20516.178,7291793585.0,89807710403740.0,10,645,0.17999999999994998,396.71416666666664,2.134999999999991,1811.1075,18.1420512820513,0,40803.75000000001
2013-11,0.83,395.36,397.35,1818.51,326.2,113.9,2013,35275.82,8520.598,2700.372,6319.521,1441.334,14953.153,11516.626,6573.116,51689.281,20516.178,7291793585.0,89807710403740.0,11,646,1.4600000000000364,396.3258333333333,2.134999999999991,1811.58,17.6420512820513,0,40803.75000000001
2013-11,0.83,395.36,397.35,1818.51,326.38,113.9,2013,35275.82,8520.598,2700.372,6319.521,1441.334,14953.153,11516.626,6573.116,51689.281,20516.178,7291793585.0,89807710403740.0,11,646,0.0,395.9375,0.0,1812.0524999999998,17.6420512820513,0,40803.75000000001
2013-11,0.83,395.36,397.35,1820.34,326.2,113.9,2013,35275.82,8520.598,2700.372,6319.521,1441.334,14953.153,11516.626,6573.116,51689.281,20516.178,7291793585.0,89807710403740.0,11,646,0.0,395.5491666666667,1.8299999999999272,1812.753333333333,17.6420512820513,0,40803.75000000001
2013-11,0.83,395.36,397.35,1820.34,326.38,113.9,2013,35275.82,8520.598,2700.372,6319.521,1441.334,14953.153,11516.626,6573.116,51689.281,20516.178,7291793585.0,89807710403740.0,11,646,0.0,395.16083333333336,0.0,1813.4541666666664,17.6420512820513,0,40803.75000000001
2013-12,0.7,397.03,397.78,1819.32,326.52,124.2,2013,35275.82,8520.598,2700.372,6319.521,1441.334,14953.153,11516.626,6573.116,51689.281,20516.178,7291793585.0,89807710403740.0,12,647,1.669999999999959,395.01250000000005,-1.0199999999999818,1814.3483333333331,27.942051282051295,0,40803.75000000001
2014-01,0.76,398.04,397.74,1818.04,326.565,117.0,2014,35465.695,8601.788,2733.968,6409.911,1492.451,15014.883,11561.832,6604.976,52086.367,20488.625,7381616239.0,89807710403740.0,1,648,1.0100000000000477,395.0566666666667,-1.2799999999999727,1815.2445833333331,20.742051282051293,0,41084.053
2014-02,0.55,398.27,397.45,1816.76,326.61,146.1,2014,35465.695,8601.788,2733.968,6409.911,1492.451,15014.883,11561.832,6604.976,52086.367,20488.625,7381616239.0,89807710403740.0,2,649,0.22999999999996135,395.2966666666666,-1.2799999999999727,1816.1429166666667,49.84205128205129,0,41084.053
2014-03,0.78,399.91,398.37,1818.06,326.72,128.7,2014,35465.695,8601.788,2733.968,6409.911,1492.451,15014.883,11561.832,6604.976,52086.367,20488.625,7381616239.0,89807710403740.0,3,650,1.6400000000000432,395.81250000000006,1.2999999999999545,1816.9379166666665,32.44205128205128,0,41084.053
2014-03,0.78,399.91,398.37,1818.06,326.66,128.7,2014,35465.695,8601.788,2733.968,6409.911,1492.451,15014.883,11561.832,6604.976,52086.367,20488.625,7381616239.0,89807710403740.0,3,650,0.0,396.3283333333334,0.0,1817.7329166666668,32.44205128205128,0,41084.053
2014-03,0.78,399.91,398.37,1816.27,326.72,128.7,2014,35465.695,8601.788,2733.968,6409.911,1492.451,15014.883,11561.832,6604.976,52086.367,20488.625,7381616239.0,89807710403740.0,3,650,0.0,396.8441666666667,-1.7899999999999636,1817.9020833333334,32.44205128205128,0,41084.053
2014-03,0.78,399.91,398.37,1816.27,326.66,128.7,2014,35465.695,8601.788,2733.968,6409.911,1492.451,15014.883,11561.832,6604.976,52086.367,20488.625,7381616239.0,89807710403740.0,3,650,0.0,397.35999999999996,0.0,1818.07125,32.44205128205128,0,41084.053
2014-04,0.8,401.51,398.63,1818.575,326.725,112.5,2014,35465.695,8601.788,2733.968,6409.911,1492.451,15014.883,11561.832,6604.976,52086.367,20488.625,7381616239.0,89807710403740.0,4,651,1.599999999999966,397.9941666666667,2.3050000000000637,1818.2545833333331,16.242051282051293,0,41084.053
2014-05,0.86,401.96,398.56,1820.88,326.79,112.5,2014,35465.695,8601.788,2733.968,6409.911,1492.451,15014.883,11561.832,6604.976,52086.367,20488.625,7381616239.0,89807710403740.0,5,652,0.44999999999998863,398.5441666666666,2.3050000000000637,1818.4520833333333,16.242051282051293,0,41084.053
2014-05,0.86,401.96,398.56,1820.88,326.82,112.5,2014,35465.695,8601.788,2733.968,6409.911,1492.451,15014.883,11561.832,6604.976,52086.367,20488.625,7381616239.0,89807710403740.0,5,652,0.0,399.0941666666667,0.0,1818.6495833333336,16.242051282051293,0,41084.053
2014-05,0.86,401.96,398.56,1821.95,326.79,112.5,2014,35465.695,8601.788,2733.968,6409.911,1492.451,15014.883,11561.832,6604.976,52086.367,20488.625,7381616239.0,89807710403740.0,5,652,0.0,399.6441666666667,1.0699999999999363,1818.7837500000003,16.242051282051293,0,41084.053
2014-05,0.86,401.96,398.56,1821.95,326.82,112.5,2014,35465.695,8601.788,2733.968,6409.911,1492.451,15014.883,11561.832,6604.976,52086.367,20488.625,7381616239.0,89807710403740.0,5,652,0.0,400.19416666666666,0.0,1818.9179166666665,16.242051282051293,0,41084.053
2014-06,0.67,401.43,399.1,1818.46,326.89,102.9,2014,35465.695,8601.788,2733.968,6409.911,1492.451,15014.883,11561.832,6604.976,52086.367,20488.625,7381616239.0,89807710403740.0,6,653,-0.5299999999999727,400.5608333333333,-3.490000000000009,1818.8462500000003,6.642051282051298,0,41084.053
2014-07,0.58,399.27,398.85,1817.1100000000001,326.96,100.2,2014,35465.695,8601.788,2733.968,6409.911,1492.451,15014.883,11561.832,6604.976,52086.367,20488.625,7381616239.0,89807710403740.0,7,654,-2.160000000000025,400.66333333333336,-1.349999999999909,1818.7687500000002,3.9420512820512954,0,41084.053
2014-08,0.83,397.18,399.07,1815.76,327.03,106.9,2014,35465.695,8601.788,2733.968,6409.911,1492.451,15014.883,11561.832,6604.976,52086.367,20488.625,7381616239.0,89807710403740.0,8,655,-2.089999999999975,400.57250000000005,-1.3500000000001364,1818.6854166666665,10.642051282051298,0,41084.053
2014-09,0.87,395.54,399.11,1819.88,327.19,130.0,2014,35465.695,8601.788,2733.968,6409.911,1492.451,15014.883,11561.832,6604.976,52086.367,20488.625,7381616239.0,89807710403740.0,9,656,-1.6399999999999864,400.2083333333333,4.120000000000118,1818.8370833333336,33.74205128205129,0,41084.053
2014-09,0.87,395.54,399.11,1819.88,327.34,130.0,2014,35465.695,8601.788,2733.968,6409.911,1492.451,15014.883,11561.832,6604.976,52086.367,20488.625,7381616239.0,89807710403740.0,9,656,0.0,399.8441666666667,0.0,1818.9887500000002,33.74205128205129,0,41084.053
2014-09,0.87,395.54,399.11,1826.87,327.19,130.0,2014,35465.695,8601.788,2733.968,6409.911,1492.451,15014.883,11561.832,6604.976,52086.367,20488.625,7381616239.0,89807710403740.0,9,656,0.0,399.48,6.989999999999782,1819.8720833333334,33.74205128205129,0,41084.053
2014-09,0.87,395.54,399.11,1826.87,327.34,130.0,2014,35465.695,8601.788,2733.968,6409.911,1492.451,15014.883,11561.832,6604.976,52086.367,20488.625,7381616239.0,89807710403740.0,9,656,0.0,399.11583333333334,0.0,1820.7554166666666,33.74205128205129,0,41084.053
2014-10,0.8,396.16,399.58,1829.045,327.53,90.0,2014,35465.695,8601.788,2733.968,6409.911,1492.451,15014.883,11561.832,6604.976,52086.367,20488.625,7381616239.0,89807710403740.0,10,657,0.6200000000000045,398.67,2.175000000000182,1821.627916666667,-6.257948717948707,0,41084.053
2014-11,0.67,397.4,399.49,1831.22,327.72,103.6,2014,35465.695,8601.788,2733.968,6409.911,1492.451,15014.883,11561.832,6604.976,52086.367,20488.625,7381616239.0,89807710403740.0,11,658,1.2399999999999523,398.28999999999996,2.1749999999999545,1822.4895833333333,7.342051282051287,0,41084.053
2014-11,0.67,397.4,399.49,1833.0,327.52,103.6,2014,35465.695,8601.788,2733.968,6409.911,1492.451,15014.883,11561.832,6604.976,52086.367,20488.625,7381616239.0,89807710403740.0,11,658,0.0,397.91,1.7799999999999727,1823.4995833333332,7.342051282051287,0,41084.053
2014-11,0.67,397.4,399.49,1831.22,327.52,103.6,2014,35465.695,8601.788,2733.968,6409.911,1492.451,15014.883,11561.832,6604.976,52086.367,20488.625,7381616239.0,89807710403740.0,11,658,0.0,397.53,-1.7799999999999727,1824.2720833333333,7.342051282051287,0,41084.053
2014-11,0.67,397.4,399.49,1833.0,327.72,103.6,2014,35465.695,8601.788,2733.968,6409.911,1492.451,15014.883,11561.832,6604.976,52086.367,20488.625,7381616239.0,89807710403740.0,11,658,0.0,397.1499999999999,1.7799999999999727,1825.1929166666669,7.342051282051287,0,41084.053
2014-12,0.78,399.08,399.81,1833.46,327.87,112.9,2014,35465.695,8601.788,2733.968,6409.911,1492.451,15014.883,11561.832,6604.976,52086.367,20488.625,7381616239.0,89807710403740.0,12,659,1.6800000000000068,396.9541666666667,0.4600000000000364,1826.4429166666666,16.6420512820513,0,41084.053
2015-01,0.86,400.18,399.92,1833.2849999999999,327.925,93.0,2015,35403.527,8616.349,2741.356,6512.625,1440.666,14655.017,11770.022,6728.989,52119.312,20394.59,7470491876.0,106871829405667.0,1,660,1.1000000000000227,397.03,-0.1750000000001819,1827.7908333333332,-3.2579487179487074,0,41107.318999999996
2015-02,0.91,400.55,399.77,1833.11,327.98,66.7,2015,35403.527,8616.349,2741.356,6512.625,1440.666,14655.017,11770.022,6728.989,52119.312,20394.59,7470491876.0,106871829405667.0,2,661,0.37000000000000455,397.3108333333333,-0.17499999999995453,1829.2366666666667,-29.557948717948705,0,41107.318999999996
2015-03,0.96,401.74,400.22,1832.96,328.04,54.5,2015,35403.527,8616.349,2741.356,6512.625,1440.666,14655.017,11770.022,6728.989,52119.312,20394.59,7470491876.0,106871829405667.0,3,662,1.1899999999999977,397.82749999999993,-0.14999999999986358,1830.3266666666666,-41.75794871794871,0,41107.318999999996
2015-03,0.96,401.74,400.22,1832.96,328.04,54.5,2015,35403.527,8616.349,2741.356,6512.625,1440.666,14655.017,11770.022,6728.989,52119.312,20394.59,7470491876.0,106871829405667.0,3,662,0.0,398.3441666666667,0.0,1831.4166666666667,-41.75794871794871,0,41107.318999999996
2015-03,0.96,401.74,400.22,1833.19,328.04,54.5,2015,35403.527,8616.349,2741.356,6512.625,1440.666,14655.017,11770.022,6728.989,52119.312,20394.59,7470491876.0,106871829405667.0,3,662,0.0,398.86083333333335,0.2300000000000182,1831.9433333333334,-41.75794871794871,0,41107.318999999996
2015-03,0.96,401.74,400.22,1833.19,328.04,54.5,2015,35403.527,8616.349,2741.356,6512.625,1440.666,14655.017,11770.022,6728.989,52119.312,20394.59,7470491876.0,106871829405667.0,3,662,0.0,399.3775,0.0,1832.47,-41.75794871794871,0,41107.318999999996
2015-04,0.75,403.35,400.46,1833.17,328.01,75.3,2015,35403.527,8616.349,2741.356,6512.625,1440.666,14655.017,11770.022,6728.989,52119.312,20394.59,7470491876.0,106871829405667.0,4,663,1.6100000000000136,399.9766666666667,-0.01999999999998181,1832.81375,-20.95794871794871,0,41107.318999999996
2015-05,0.79,404.15,400.7,1833.15,327.98,88.8,2015,35403.527,8616.349,2741.356,6512.625,1440.666,14655.017,11770.022,6728.989,52119.312,20394.59,7470491876.0,106871829405667.0,5,664,0.7999999999999545,400.5391666666667,-0.01999999999998181,1832.9745833333334,-7.45794871794871,0,41107.318999999996
2015-05,0.79,404.15,400.7,1833.15,327.93,88.8,2015,35403.527,8616.349,2741.356,6512.625,1440.666,14655.017,11770.022,6728.989,52119.312,20394.59,7470491876.0,106871829405667.0,5,664,0.0,401.10166666666663,0.0,1832.9870833333334,-7.45794871794871,0,41107.318999999996
2015-05,0.79,404.15,400.7,1831.52,327.98,88.8,2015,35403.527,8616.349,2741.356,6512.625,1440.666,14655.017,11770.022,6728.989,52119.312,20394.59,7470491876.0,106871829405667.0,5,664,0.0,401.6641666666667,-1.6300000000001091,1833.0120833333333,-7.45794871794871,0,41107.318999999996
2015-05,0.79,404.15,400.7,1831.52,327.93,88.8,2015,35403.527,8616.349,2741.356,6512.625,1440.666,14655.017,11770.022,6728.989,52119.312,20394.59,7470491876.0,106871829405667.0,5,664,0.0,402.22666666666663,0.0,1832.88875,-7.45794871794871,0,41107.318999999996
2015-06,0.81,402.97,400.65,1827.11,327.95,66.5,2015,35403.527,8616.349,2741.356,6512.625,1440.666,14655.017,11770.022,6728.989,52119.312,20394.59,7470491876.0,106871829405667.0,6,665,-1.17999999999995,402.5508333333333,-4.410000000000082,1832.3595833333336,-29.757948717948707,0,41107.318999999996
2015-07,0.73,401.46,401.11,1825.85,327.99,65.8,2015,35403.527,8616.349,2741.356,6512.625,1440.666,14655.017,11770.022,6728.989,52119.312,20394.59,7470491876.0,106871829405667.0,7,666,-1.5100000000000477,402.6575,-1.259999999999991,1831.74,-30.45794871794871,0,41107.318999999996
2015-08,0.79,399.11,401.04,1824.59,328.03,64.4,2015,35403.527,8616.349,2741.356,6512.625,1440.666,14655.017,11770.022,6728.989,52119.312,20394.59,7470491876.0,106871829405667.0,8,667,-2.349999999999966,402.53749999999997,-1.259999999999991,1831.03,-31.8579487179487,0,41107.318999999996
2015-09,0.83,397.82,401.43,1836.21,328.24,78.6,2015,35403.527,8616.349,2741.356,6512.625,1440.666,14655.017,11770.022,6728.989,52119.312,20394.59,7470491876.0,106871829405667.0,9,668,-1.2900000000000205,402.21083333333337,11.620000000000118,1831.3008333333335,-17.657948717948713,0,41107.318999999996
2015-09,0.83,397.82,401.43,1836.21,328.12,78.6,2015,35403.527,8616.349,2741.356,6512.625,1440.666,14655.017,11770.022,6728.989,52119.312,20394.59,7470491876.0,106871829405667.0,9,668,0.0,401.88416666666666,0.0,1831.5716666666667,-17.657948717948713,0,41107.318999999996
2015-09,0.83,397.82,401.43,1828.96,328.12,78.6,2015,35403.527,8616.349,2741.356,6512.625,1440.666,14655.017,11770.022,6728.989,52119.312,20394.59,7470491876.0,106871829405667.0,9,668,0.0,401.55749999999995,-7.25,1831.2191666666668,-17.657948717948713,0,41107.318999999996
2015-09,0.83,397.82,401.43,1828.96,328.24,78.6,2015,35403.527,8616.349,2741.356,6512.625,1440.666,14655.017,11770.022,6728.989,52119.312,20394.59,7470491876.0,106871829405667.0,9,668,0.0,401.23083333333335,0.0,1830.8666666666668,-17.657948717948713,0,41107.318999999996
2015-10,1.07,398.49,401.89,1835.22,328.33000000000004,63.6,2015,35403.527,8616.349,2741.356,6512.625,1440.666,14655.017,11770.022,6728.989,52119.312,20394.59,7470491876.0,106871829405667.0,10,669,0.6700000000000159,400.8258333333333,6.259999999999991,1831.0375000000001,-32.657948717948706,0,41107.318999999996
2015-11,1.05,400.27,402.24,1841.48,328.42,62.2,2015,35403.527,8616.349,2741.356,6512.625,1440.666,14655.017,11770.022,6728.989,52119.312,20394.59,7470491876.0,106871829405667.0,11,670,1.7799999999999727,400.5025,6.259999999999991,1831.7316666666668,-34.057948717948705,0,41107.318999999996
2015-11,1.05,400.27,402.24,1841.48,328.61,62.2,2015,35403.527,8616.349,2741.356,6512.625,1440.666,14655.017,11770.022,6728.989,52119.312,20394.59,7470491876.0,106871829405667.0,11,670,0.0,400.17916666666673,0.0,1832.4258333333335,-34.057948717948705,0,41107.318999999996
2015-11,1.05,400.27,402.24,1844.54,328.42,62.2,2015,35403.527,8616.349,2741.356,6512.625,1440.666,14655.017,11770.022,6728.989,52119.312,20394.59,7470491876.0,106871829405667.0,11,670,0.0,399.8558333333333,3.0599999999999454,1833.5108333333335,-34.057948717948705,0,41107.318999999996
2015-11,1.05,400.27,402.24,1844.54,328.61,62.2,2015,35403.527,8616.349,2741.356,6512.625,1440.666,14655.017,11770.022,6728.989,52119.312,20394.59,7470491876.0,106871829405667.0,11,670,0.0,399.5325,0.0,1834.595833333333,-34.057948717948705,0,41107.318999999996
2015-12,1.17,402.06,402.72,1844.74,328.77,58.0,2015,35403.527,8616.349,2741.356,6512.625,1440.666,14655.017,11770.022,6728.989,52119.312,20394.59,7470491876.0,106871829405667.0,12,671,1.7900000000000205,399.45666666666665,0.20000000000004547,1836.0649999999998,-38.25794871794871,0,41107.318999999996
2016-01,1.17,402.73,402.45,1843.635,328.82,57.0,2016,35392.832,8652.835,2759.229,5376.553,1476.147,14322.989,11900.264,6914.85,51013.094,20403.568,7558554527.0,110407200853028.0,1,672,0.6700000000000159,399.5625,-1.1050000000000182,1837.5470833333331,-39.25794871794871,0,39990.80299999999
2016-02,1.36,404.25,403.4,1842.53,328.87,56.4,2016,35392.832,8652.835,2759.229,5376.553,1476.147,14322.989,11900.264,6914.85,51013.094,20403.568,7558554527.0,110407200853028.0,2,673,1.5199999999999818,399.99083333333334,-1.1050000000000182,1839.0420833333335,-39.85794871794871,0,39990.80299999999
2016-03,1.35,405.06,403.54,1841.74,328.9,54.1,2016,35392.832,8652.835,2759.229,5376.553,1476.147,14322.989,11900.264,6914.85,51013.094,20403.568,7558554527.0,110407200853028.0,3,674,0.8100000000000023,400.5941666666666,-0.7899999999999636,1839.5029166666666,-42.157948717948706,0,39990.80299999999
2016-03,1.35,405.06,403.54,1841.74,328.88,54.1,2016,35392.832,8652.835,2759.229,5376.553,1476.147,14322.989,11900.264,6914.85,51013.094,20403.568,7558554527.0,110407200853028.0,3,674,0.0,401.1975,0.0,1839.9637500000001,-42.157948717948706,0,39990.80299999999
2016-03,1.35,405.06,403.54,1843.04,328.9,54.1,2016,35392.832,8652.835,2759.229,5376.553,1476.147,14322.989,11900.264,6914.85,51013.094,20403.568,7558554527.0,110407200853028.0,3,674,0.0,401.8008333333334,1.2999999999999545,1841.137083333333,-42.157948717948706,0,39990.80299999999
2016-03,1.35,405.06,403.54,1843.04,328.88,54.1,2016,35392.832,8652.835,2759.229,5376.553,1476.147,14322.989,11900.264,6914.85,51013.094,20403.568,7558554527.0,110407200853028.0,3,674,0.0,402.4041666666667,0.0,1842.3104166666665,-42.157948717948706,0,39990.80299999999
2016-04,1.08,407.6,404.77,1842.595,328.895,37.9,2016,35392.832,8652.835,2759.229,5376.553,1476.147,14322.989,11900.264,6914.85,51013.094,20403.568,7558554527.0,110407200853028.0,4,675,2.5400000000000205,403.16333333333336,-0.44499999999993634,1842.925,-58.35794871794871,0,39990.80299999999
2016-05,0.95,407.9,404.41,1842.15,328.91,51.5,2016,35392.832,8652.835,2759.229,5376.553,1476.147,14322.989,11900.264,6914.85,51013.094,20403.568,7558554527.0,110407200853028.0,5,676,0.2999999999999545,403.7991666666667,-0.44499999999993634,1842.9808333333333,-44.75794871794871,0,39990.80299999999
2016-05,0.95,407.9,404.41,1842.15,328.88,51.5,2016,35392.832,8652.835,2759.229,5376.553,1476.147,14322.989,11900.264,6914.85,51013.094,20403.568,7558554527.0,110407200853028.0,5,676,0.0,404.43499999999995,0.0,1843.0366666666666,-44.75794871794871,0,39990.80299999999
2016-05,0.95,407.9,404.41,1843.74,328.88,51.5,2016,35392.832,8652.835,2759.229,5376.553,1476.147,14322.989,11900.264,6914.85,51013.094,20403.568,7558554527.0,110407200853028.0,5,676,0.0,405.0708333333334,1.5899999999999181,1842.97,-44.75794871794871,0,39990.80299999999
2016-05,0.95,407.9,404.41,1843.74,328.91,51.5,2016,35392.832,8652.835,2759.229,5376.553,1476.147,14322.989,11900.264,6914.85,51013.094,20403.568,7558554527.0,110407200853028.0,5,676,0.0,405.70666666666665,0.0,1842.9033333333334,-44.75794871794871,0,39990.80299999999
2016-06,0.8,406.99,404.59,1837.9,328.91,20.5,2016,35392.832,8652.835,2759.229,5376.553,1476.147,14322.989,11900.264,6914.85,51013.094,20403.568,7558554527.0,110407200853028.0,6,677,-0.9099999999999682,406.1175,-5.839999999999918,1842.3333333333333,-75.75794871794871,0,39990.80299999999
2016-07,0.84,404.59,404.24,1836.08,328.875,32.4,2016,35392.832,8652.835,2759.229,5376.553,1476.147,14322.989,11900.264,6914.85,51013.094,20403.568,7558554527.0,110407200853028.0,7,678,-2.400000000000034,406.2725,-1.8200000000001637,1841.70375,-63.85794871794871,0,39990.80299999999
2016-08,1.01,402.45,404.41,1834.26,328.84,50.2,2016,35392.832,8652.835,2759.229,5376.553,1476.147,14322.989,11900.264,6914.85,51013.094,20403.568,7558554527.0,110407200853028.0,8,679,-2.1399999999999864,406.12249999999995,-1.8199999999999363,1841.0145833333333,-46.057948717948705,0,39990.80299999999
2016-09,0.9,401.23,404.85,1836.83,328.78,44.6,2016,35392.832,8652.835,2759.229,5376.553,1476.147,14322.989,11900.264,6914.85,51013.094,20403.568,7558554527.0,110407200853028.0,9,680,-1.2199999999999704,405.80333333333334,2.5699999999999363,1840.6054166666665,-51.657948717948706,0,39990.80299999999
2016-09,0.9,401.23,404.85,1836.83,328.86,44.6,2016,35392.832,8652.835,2759.229,5376.553,1476.147,14322.989,11900.264,6914.85,51013.094,20403.568,7558554527.0,110407200853028.0,9,680,0.0,405.4841666666666,0.0,1840.19625,-51.657948717948706,0,39990.80299999999
2016-09,0.9,401.23,404.85,1844.33,328.78,44.6,2016,35392.832,8652.835,2759.229,5376.553,1476.147,14322.989,11900.264,6914.85,51013.094,20403.568,7558554527.0,110407200853028.0,9,680,0.0,405.165,7.5,1840.30375,-51.657948717948706,0,39990.80299999999
2016-09,0.9,401.23,404.85,1844.33,328.86,44.6,2016,35392.832,8652.835,2759.229,5376.553,1476.147,14322.989,11900.264,6914.85,51013.094,20403.568,7558554527.0,110407200853028.0,9,680,0.0,404.8458333333333,0.0,1840.41125,-51.657948717948706,0,39990.80299999999
2016-10,0.86,401.79,405.23,1847.145,328.95500000000004,33.4,2016,35392.832,8652.835,2759.229,5376.553,1476.147,14322.989,11900.264,6914.85,51013.094,20403.568,7558554527.0,110407200853028.0,10,681,0.5600000000000023,404.3616666666667,2.8150000000000546,1840.7904166666667,-62.85794871794871,0,39990.80299999999
2016-11,0.91,403.72,405.74,1849.96,329.05,21.4,2016,35392.832,8652.835,2759.229,5376.553,1476.147,14322.989,11900.264,6914.85,51013.094,20403.568,7558554527.0,110407200853028.0,11,682,1.9300000000000068,404.0133333333333,2.8150000000000546,1841.4412499999999,-74.85794871794872,0,39990.80299999999
2016-11,0.91,403.72,405.74,1849.96,329.23,21.4,2016,35392.832,8652.835,2759.229,5376.553,1476.147,14322.989,11900.264,6914.85,51013.094,20403.568,7558554527.0,110407200853028.0,11,682,0.0,403.665,0.0,1842.0920833333332,-74.85794871794872,0,39990.80299999999
2016-11,0.91,403.72,405.74,1851.46,329.05,21.4,2016,35392.832,8652.835,2759.229,5376.553,1476.147,14322.989,11900.264,6914.85,51013.094,20403.568,7558554527.0,110407200853028.0,11,682,0.0,403.31666666666666,1.5,1842.7354166666664,-74.85794871794872,0,39990.80299999999
2016-11,0.91,403.72,405.74,1851.46,329.23,21.4,2016,35392.832,8652.835,2759.229,5376.553,1476.147,14322.989,11900.264,6914.85,51013.094,20403.568,7558554527.0,110407200853028.0,11,682,0.0,402.9683333333334,0.0,1843.37875,-74.85794871794872,0,39990.80299999999
2016-12,0.86,404.64,405.33,1851.05,329.36,18.5,2016,35392.832,8652.835,2759.229,5376.553,1476.147,14322.989,11900.264,6914.85,51013.094,20403.568,7558554527.0,110407200853028.0,12,683,0.9199999999999591,402.77250000000004,-0.41000000000008185,1844.4745833333334,-77.75794871794871,0,39990.80299999999
2017-01,1.02,406.36,406.04,1850.395,329.415,26.1,2017,35974.609,8797.017,2814.724,5307.768,1499.947,14494.168,12085.292,7084.615,51702.664,20616.426,7645617952.0,114529588369027.0,1,684,1.7200000000000273,402.9200000000001,-0.6549999999999727,1845.6675000000002,-70.1579487179487,0,40471.78999999999
2017-02,1.13,406.65,405.8,1849.74,329.47,26.4,2017,35974.609,8797.017,2814.724,5307.768,1499.947,14494.168,12085.292,7084.615,51702.664,20616.426,7645617952.0,114529588369027.0,2,685,0.2899999999999636,403.27000000000004,-0.6549999999999727,1846.9574999999998,-69.85794871794872,0,40471.78999999999
2017-03,1.16,407.54,406.05,1848.49,329.52,17.7,2017,35974.609,8797.017,2814.724,5307.768,1499.947,14494.168,12085.292,7084.615,51702.664,20616.426,7645617952.0,114529588369027.0,3,686,0.8900000000000432,403.79583333333335,-1.25,1847.9291666666668,-78.5579487179487,0,40471.78999999999
2017-03,1.16,407.54,406.05,1848.49,329.54,17.7,2017,35974.609,8797.017,2814.724,5307.768,1499.947,14494.168,12085.292,7084.615,51702.664,20616.426,7645617952.0,114529588369027.0,3,686,0.0,404.3216666666667,0.0,1848.9008333333331,-78.5579487179487,0,40471.78999999999
2017-03,1.16,407.54,406.05,1848.24,329.52,17.7,2017,35974.609,8797.017,2814.724,5307.768,1499.947,14494.168,12085.292,7084.615,51702.664,20616.426,7645617952.0,114529588369027.0,3,686,0.0,404.8475,-0.25,1849.2266666666667,-78.5579487179487,0,40471.78999999999
2017-03,1.16,407.54,406.05,1848.24,329.54,17.7,2017,35974.609,8797.017,2814.724,5307.768,1499.947,14494.168,12085.292,7084.615,51702.664,20616.426,7645617952.0,114529588369027.0,3,686,0.0,405.3733333333334,0.0,1849.5525,-78.5579487179487,0,40471.78999999999
2017-04,0.93,409.22,406.37,1848.405,329.53499999999997,32.3,2017,35974.609,8797.017,2814.724,5307.768,1499.947,14494.168,12085.292,7084.615,51702.664,20616.426,7645617952.0,114529588369027.0,4,687,1.6800000000000068,405.99250000000006,0.16499999999996362,1849.6575,-63.95794871794871,0,40471.78999999999
2017-05,0.91,409.89,406.37,1848.57,329.53,18.9,2017,35974.609,8797.017,2814.724,5307.768,1499.947,14494.168,12085.292,7084.615,51702.664,20616.426,7645617952.0,114529588369027.0,5,688,0.6699999999999591,406.50666666666666,0.16499999999996362,1849.5416666666667,-77.35794871794872,0,40471.78999999999
2017-05,0.91,409.89,406.37,1848.57,329.51,18.9,2017,35974.609,8797.017,2814.724,5307.768,1499.947,14494.168,12085.292,7084.615,51702.664,20616.426,7645617952.0,114529588369027.0,5,688,0.0,407.0208333333333,0.0,1849.4258333333335,-77.35794871794872,0,40471.78999999999
2017-05,0.91,409.89,406.37,1847.22,329.53,18.9,2017,35974.609,8797.017,2814.724,5307.768,1499.947,14494.168,12085.292,7084.615,51702.664,20616.426,7645617952.0,114529588369027.0,5,688,0.0,407.535,-1.349999999999909,1849.0725000000002,-77.35794871794872,0,40471.78999999999
2017-05,0.91,409.89,406.37,1847.22,329.51,18.9,2017,35974.609,8797.017,2814.724,5307.768,1499.947,14494.168,12085.292,7084.615,51702.664,20616.426,7645617952.0,114529588369027.0,5,688,0.0,408.0491666666667,0.0,1848.7191666666665,-77.35794871794872,0,40471.78999999999
2017-06,0.71,409.08,406.68,1842.89,329.58,19.2,2017,35974.609,8797.017,2814.724,5307.768,1499.947,14494.168,12085.292,7084.615,51702.664,20616.426,7645617952.0,114529588369027.0,6,689,-0.8100000000000023,408.4191666666666,-4.329999999999927,1848.0391666666667,-77.0579487179487,0,40471.78999999999
2017-07,0.82,407.33,407.01,1841.555,329.64,17.8,2017,35974.609,8797.017,2814.724,5307.768,1499.947,14494.168,12085.292,7084.615,51702.664,20616.426,7645617952.0,114529588369027.0,7,690,-1.75,408.5,-1.3350000000000364,1847.3025,-78.45794871794871,0,40471.78999999999
2017-08,0.87,405.32,407.31,1840.22,329.7,32.6,2017,35974.609,8797.017,2814.724,5307.768,1499.947,14494.168,12085.292,7084.615,51702.664,20616.426,7645617952.0,114529588369027.0,8,691,-2.009999999999991,408.38916666666665,-1.3350000000000364,1846.5091666666667,-63.657948717948706,0,40471.78999999999
2017-09,0.74,403.57,407.17,1852.76,329.79,43.7,2017,35974.609,8797.017,2814.724,5307.768,1499.947,14494.168,12085.292,7084.615,51702.664,20616.426,7645617952.0,114529588369027.0,9,692,-1.75,408.05833333333334,12.539999999999964,1846.865,-52.557948717948705,0,40471.78999999999
2017-09,0.74,403.57,407.17,1852.76,329.87,43.7,2017,35974.609,8797.017,2814.724,5307.768,1499.947,14494.168,12085.292,7084.615,51702.664,20616.426,7645617952.0,114529588369027.0,9,692,0.0,407.72749999999996,0.0,1847.220833333333,-52.557948717948705,0,40471.78999999999
2017-09,0.74,403.57,407.17,1844.58,329.79,43.7,2017,35974.609,8797.017,2814.724,5307.768,1499.947,14494.168,12085.292,7084.615,51702.664,20616.426,7645617952.0,114529588369027.0,9,692,0.0,407.3966666666667,-8.180000000000064,1846.9158333333335,-52.557948717948705,0,40471.78999999999
2017-09,0.74,403.57,407.17,1844.58,329.87,43.7,2017,35974.609,8797.017,2814.724,5307.768,1499.947,14494.168,12085.292,7084.615,51702.664,20616.426,7645617952.0,114529588369027.0,9,692,0.0,407.06583333333333,0.0,1846.6108333333332,-52.557948717948705,0,40471.78999999999
2017-10,0.88,403.82,407.23,1851.3049999999998,329.94,13.2,2017,35974.609,8797.017,2814.724,5307.768,1499.947,14494.168,12085.292,7084.615,51702.664,20616.426,7645617952.0,114529588369027.0,10,693,0.25,406.6158333333333,6.724999999999909,1846.8525,-83.0579487179487,0,40471.78999999999
2017-11,0.87,405.31,407.36,1858.03,330.01,5.7,2017,35974.609,8797.017,2814.724,5307.768,1499.947,14494.168,12085.292,7084.615,51702.664,20616.426,7645617952.0,114529588369027.0,11,694,1.490000000000009,406.2341666666667,6.725000000000136,1847.6408333333331,-90.5579487179487,0,40471.78999999999
2017-11,0.87,405.31,407.36,1858.03,330.15,5.7,2017,35974.609,8797.017,2814.724,5307.768,1499.947,14494.168,12085.292,7084.615,51702.664,20616.426,7645617952.0,114529588369027.0,11,694,0.0,405.85249999999996,0.0,1848.4291666666668,-90.5579487179487,0,40471.78999999999
2017-11,0.87,405.31,407.36,1858.6,330.01,5.7,2017,35974.609,8797.017,2814.724,5307.768,1499.947,14494.168,12085.292,7084.615,51702.664,20616.426,7645617952.0,114529588369027.0,11,694,0.0,405.4708333333333,0.5699999999999363,1849.3774999999998,-90.5579487179487,0,40471.78999999999
2017-11,0.87,405.31,407.36,1858.6,330.15,5.7,2017,35974.609,8797.017,2814.724,5307.768,1499.947,14494.168,12085.292,7084.615,51702.664,20616.426,7645617952.0,114529588369027.0,11,694,0.0,405.0891666666667,0.0,1850.3258333333333,-90.5579487179487,0,40471.78999999999
2017-12,0.93,407.0,407.71,1856.59,330.29,8.2,2017,35974.609,8797.017,2814.724,5307.768,1499.947,14494.168,12085.292,7084.615,51702.664,20616.426,7645617952.0,114529588369027.0,12,695,1.6899999999999977,404.9158333333334,-2.009999999999991,1851.4674999999997,-88.0579487179487,0,40471.78999999999
2018-01,0.82,408.15,407.83,1855.56,330.37,6.8,2018,36734.004,8935.43,2814.039,4882.023,1546.849,14762.694,12142.828,7419.413,52139.289,20932.492,7729902779.0,118765812557841.0,1,696,1.1499999999999773,404.9841666666666,-1.0299999999999727,1852.6345833333332,-89.45794871794871,0,40753.807
2018-02,0.84,408.52,407.61,1854.53,330.45,10.7,2018,36734.004,8935.43,2814.039,4882.023,1546.849,14762.694,12142.828,7419.413,52139.289,20932.492,7729902779.0,118765812557841.0,2,697,0.37000000000000455,405.25083333333333,-1.0299999999999727,1853.8270833333333,-85.5579487179487,0,40753.807
2018-03,0.88,409.59,408.06,1855.08,330.6,2.5,2018,36734.004,8935.43,2814.039,4882.023,1546.849,14762.694,12142.828,7419.413,52139.289,20932.492,7729902779.0,118765812557841.0,3,698,1.0699999999999932,405.7525,0.5499999999999545,1854.0204166666665,-93.75794871794871,0,40753.807
2018-03,0.88,409.59,408.06,1855.08,330.69,2.5,2018,36734.004,8935.43,2814.039,4882.023,1546.849,14762.694,12142.828,7419.413,52139.289,20932.492,7729902779.0,118765812557841.0,3,698,0.0,406.25416666666666,0.0,1854.21375,-93.75794871794871,0,40753.807
2018-03,0.88,409.59,408.06,1856.97,330.6,2.5,2018,36734.004,8935.43,2814.039,4882.023,1546.849,14762.694,12142.828,7419.413,52139.289,20932.492,7729902779.0,118765812557841.0,3,698,0.0,406.7558333333333,1.8900000000001,1855.24625,-93.75794871794871,0,40753.807
2018-03,0.88,409.59,408.06,1856.97,330.69,2.5,2018,36734.004,8935.43,2814.039,4882.023,1546.849,14762.694,12142.828,7419.413,52139.289,20932.492,7729902779.0,118765812557841.0,3,698,0.0,407.2575,0.0,1856.2787500000002,-93.75794871794871,0,40753.807
2018-04,0.88,410.45,407.65,1855.8400000000001,330.695,8.9,2018,36734.004,8935.43,2814.039,4882.023,1546.849,14762.694,12142.828,7419.413,52139.289,20932.492,7729902779.0,118765812557841.0,4,699,0.8600000000000136,407.81,-1.1299999999998818,1856.6566666666668,-87.3579487179487,0,40753.807
2018-05,0.81,411.44,407.98,1854.71,330.7,13.1,2018,36734.004,8935.43,2814.039,4882.023,1546.849,14762.694,12142.828,7419.413,52139.289,20932.492,7729902779.0,118765812557841.0,5,700,0.9900000000000091,408.32083333333327,-1.1300000000001091,1856.38,-83.15794871794871,0,40753.807
2018-05,0.81,411.44,407.98,1854.71,330.71,13.1,2018,36734.004,8935.43,2814.039,4882.023,1546.849,14762.694,12142.828,7419.413,52139.289,20932.492,7729902779.0,118765812557841.0,5,700,0.0,408.83166666666665,0.0,1856.1033333333332,-83.15794871794871,0,40753.807
2018-05,0.81,411.44,407.98,1856.74,330.7,13.1,2018,36734.004,8935.43,2814.039,4882.023,1546.849,14762.694,12142.828,7419.413,52139.289,20932.492,7729902779.0,118765812557841.0,5,700,0.0,409.3425,2.0299999999999727,1855.9483333333335,-83.15794871794871,0,40753.807
2018-05,0.81,411.44,407.98,1856.74,330.71,13.1,2018,36734.004,8935.43,2814.039,4882.023,1546.849,14762.694,12142.828,7419.413,52139.289,20932.492,7729902779.0,118765812557841.0,5,700,0.0,409.8533333333333,0.0,1855.7933333333333,-83.15794871794871,0,40753.807
2018-06,0.76,410.99,408.6,1851.85,330.7,15.6,2018,36734.004,8935.43,2814.039,4882.023,1546.849,14762.694,12142.828,7419.413,52139.289,20932.492,7729902779.0,118765812557841.0,6,701,-0.44999999999998863,410.1858333333333,-4.8900000000001,1855.3983333333335,-80.65794871794871,0,40753.807
2018-07,0.83,408.9,408.6,1850.4499999999998,330.725,1.6,2018,36734.004,8935.43,2814.039,4882.023,1546.849,14762.694,12142.828,7419.413,52139.289,20932.492,7729902779.0,118765812557841.0,7,702,-2.090000000000032,410.2483333333333,-1.400000000000091,1854.9724999999999,-94.65794871794871,0,40753.807
2018-08,0.78,407.16,409.17,1849.05,330.75,8.7,2018,36734.004,8935.43,2814.039,4882.023,1546.849,14762.694,12142.828,7419.413,52139.289,20932.492,7729902779.0,118765812557841.0,8,703,-1.7399999999999523,410.13499999999993,-1.3999999999998636,1854.5158333333336,-87.5579487179487,0,40753.807
2018-09,0.8,405.71,409.3,1851.94,330.88,3.3,2018,36734.004,8935.43,2814.039,4882.023,1546.849,14762.694,12142.828,7419.413,52139.289,20932.492,7729902779.0,118765812557841.0,9,704,-1.4500000000000455,409.81166666666667,2.8900000000001,1854.2541666666666,-92.95794871794871,0,40753.807
2018-09,0.8,405.71,409.3,1851.94,331.08,3.3,2018,36734.004,8935.43,2814.039,4882.023,1546.849,14762.694,12142.828,7419.413,52139.289,20932.492,7729902779.0,118765812557841.0,9,704,0.0,409.4883333333333,0.0,1853.9925,-92.95794871794871,0,40753.807
2018-09,0.8,405.71,409.3,1860.46,330.88,3.3,2018,36734.004,8935.43,2814.039,4882.023,1546.849,14762.694,12142.828,7419.413,52139.289,20932.492,7729902779.0,118765812557841.0,9,704,0.0,409.16499999999996,8.519999999999982,1854.2833333333335,-92.95794871794871,0,40753.807
2018-09,0.8,405.71,409.3,1860.46,331.08,3.3,2018,36734.004,8935.43,2814.039,4882.023,1546.849,14762.694,12142.828,7419.413,52139.289,20932.492,7729902779.0,118765812557841.0,9,704,0.0,408.84166666666664,0.0,1854.5741666666665,-92.95794871794871,0,40753.807
2018-10,1.01,406.19,409.56,1863.105,331.185,4.9,2018,36734.004,8935.43,2814.039,4882.023,1546.849,14762.694,12142.828,7419.413,52139.289,20932.492,7729902779.0,118765812557841.0,10,705,0.4800000000000182,408.4866666666667,2.644999999999982,1855.1795833333333,-91.3579487179487,0,40753.807
2018-11,0.83,408.21,410.24,1865.75,331.29,4.9,2018,36734.004,8935.43,2814.039,4882.023,1546.849,14762.694,12142.828,7419.413,52139.289,20932.492,7729902779.0,118765812557841.0,11,706,2.019999999999982,408.21750000000003,2.644999999999982,1856.0995833333334,-91.3579487179487,0,40753.807
2018-11,0.83,408.21,410.24,1865.75,331.48,4.9,2018,36734.004,8935.43,2814.039,4882.023,1546.849,14762.694,12142.828,7419.413,52139.289,20932.492,7729902779.0,118765812557841.0,11,706,0.0,407.9483333333333,0.0,1857.0195833333335,-91.3579487179487,0,40753.807
2018-11,0.83,408.21,410.24,1866.25,331.29,4.9,2018,36734.004,8935.43,2814.039,4882.023,1546.849,14762.694,12142.828,7419.413,52139.289,20932.492,7729902779.0,118765812557841.0,11,706,0.0,407.6791666666666,0.5,1857.8120833333332,-91.3579487179487,0,40753.807
2018-11,0.83,408.21,410.24,1866.25,331.48,4.9,2018,36734.004,8935.43,2814.039,4882.023,1546.849,14762.694,12142.828,7419.413,52139.289,20932.492,7729902779.0,118765812557841.0,11,706,0.0,407.4099999999999,0.0,1858.6045833333335,-91.3579487179487,0,40753.807
2018-12,0.92,409.27,409.99,1866.02,331.68,3.1,2018,36734.004,8935.43,2814.039,4882.023,1546.849,14762.694,12142.828,7419.413,52139.289,20932.492,7729902779.0,118765812557841.0,12,707,1.0600000000000023,407.26666666666665,-0.2300000000000182,1859.7854166666666,-93.15794871794871,0,40753.807
2019-01,0.93,411.03,410.69,1865.5149999999999,331.73,7.7,2019,37086.566,9008.441,2819.104,4887.178,1615.727,14702.956,12325.908,7574.056,52571.34,20956.146,7811293699.0,122149370355621.0,1,708,1.759999999999991,407.44416666666666,-0.5050000000001091,1861.0408333333335,-88.5579487179487,0,41105.825
2019-02,0.95,411.96,410.97,1865.01,331.78,0.8,2019,37086.566,9008.441,2819.104,4887.178,1615.727,14702.956,12325.908,7574.056,52571.34,20956.146,7811293699.0,122149370355621.0,2,709,0.9300000000000068,407.8441666666667,-0.5049999999998818,1862.3708333333332,-95.45794871794871,0,41105.825
2019-03,1.17,412.18,410.71,1865.03,331.75,9.4,2019,37086.566,9008.441,2819.104,4887.178,1615.727,14702.956,12325.908,7574.056,52571.34,20956.146,7811293699.0,122149370355621.0,3,710,0.22000000000002728,408.3833333333334,0.01999999999998181,1863.4616666666668,-86.8579487179487,0,41105.825
2019-03,1.17,412.18,410.71,1865.03,331.66,9.4,2019,37086.566,9008.441,2819.104,4887.178,1615.727,14702.956,12325.908,7574.056,52571.34,20956.146,7811293699.0,122149370355621.0,3,710,0.0,408.92249999999996,0.0,1864.5525,-86.8579487179487,0,41105.825
2019-03,1.17,412.18,410.71,1866.3,331.75,9.4,2019,37086.566,9008.441,2819.104,4887.178,1615.727,14702.956,12325.908,7574.056,52571.34,20956.146,7811293699.0,122149370355621.0,3,710,0.0,409.46166666666664,1.2699999999999818,1865.0391666666665,-86.8579487179487,0,41105.825
2019-03,1.17,412.18,410.71,1866.3,331.66,9.4,2019,37086.566,9008.441,2819.104,4887.178,1615.727,14702.956,12325.908,7574.056,52571.34,20956.146,7811293699.0,122149370355621.0,3,710,0.0,410.00083333333333,0.0,1865.5258333333331,-86.8579487179487,0,41105.825
2019-04,1.01,413.54,410.92,1865.815,331.64,9.1,2019,37086.566,9008.441,2819.104,4887.178,1615.727,14702.956,12325.908,7574.056,52571.34,20956.146,7811293699.0,122149370355621.0,4,711,1.3600000000000136,410.6133333333333,-0.48499999999989996,1865.7516666666668,-87.15794871794871,0,41105.825
2019-05,0.86,414.86,411.47,1865.33,331.62,9.9,2019,37086.566,9008.441,2819.104,4887.178,1615.727,14702.956,12325.908,7574.056,52571.34,20956.146,7811293699.0,122149370355621.0,5,712,1.3199999999999932,411.16749999999996,-0.48500000000012733,1865.7166666666665,-86.3579487179487,0,41105.825
2019-05,0.86,414.86,411.47,1865.33,331.64,9.9,2019,37086.566,9008.441,2819.104,4887.178,1615.727,14702.956,12325.908,7574.056,52571.34,20956.146,7811293699.0,122149370355621.0,5,712,0.0,411.72166666666664,0.0,1865.6816666666666,-86.3579487179487,0,41105.825
2019-05,0.86,414.86,411.47,1861.96,331.62,9.9,2019,37086.566,9008.441,2819.104,4887.178,1615.727,14702.956,12325.908,7574.056,52571.34,20956.146,7811293699.0,122149370355621.0,5,712,0.0,412.27583333333337,-3.369999999999891,1865.3241666666665,-86.3579487179487,0,41105.825
2019-05,0.86,414.86,411.47,1861.96,331.64,9.9,2019,37086.566,9008.441,2819.104,4887.178,1615.727,14702.956,12325.908,7574.056,52571.34,20956.146,7811293699.0,122149370355621.0,5,712,0.0,412.83,0.0,1864.9666666666665,-86.3579487179487,0,41105.825
2019-06,0.9,414.15,411.74,1858.57,331.73,1.2,2019,37086.566,9008.441,2819.104,4887.178,1615.727,14702.956,12325.908,7574.056,52571.34,20956.146,7811293699.0,122149370355621.0,6,713,-0.7100000000000364,413.2366666666667,-3.3900000000001,1864.345833333333,-95.0579487179487,0,41105.825
2019-07,0.94,411.96,411.64,1858.28,331.78499999999997,0.9,2019,37086.566,9008.441,2819.104,4887.178,1615.727,14702.956,12325.908,7574.056,52571.34,20956.146,7811293699.0,122149370355621.0,7,714,-2.1899999999999977,413.3141666666667,-0.2899999999999636,1863.7429166666668,-95.3579487179487,0,41105.825
2019-08,0.95,410.17,412.1,1857.99,331.84,0.5,2019,37086.566,9008.441,2819.104,4887.178,1615.727,14702.956,12325.908,7574.056,52571.34,20956.146,7811293699.0,122149370355621.0,8,715,-1.7899999999999636,413.165,-0.2899999999999636,1863.1579166666668,-95.75794871794871,0,41105.825
2019-09,0.93,408.76,412.26,1862.87,331.88,1.1,2019,37086.566,9008.441,2819.104,4887.178,1615.727,14702.956,12325.908,7574.056,52571.34,20956.146,7811293699.0,122149370355621.0,9,716,-1.410000000000025,412.87999999999994,4.879999999999882,1862.9779166666665,-95.15794871794871,0,41105.825
2019-09,0.93,408.76,412.26,1862.87,331.93,1.1,2019,37086.566,9008.441,2819.104,4887.178,1615.727,14702.956,12325.908,7574.056,52571.34,20956.146,7811293699.0,122149370355621.0,9,716,0.0,412.59499999999997,0.0,1862.7979166666667,-95.15794871794871,0,41105.825
2019-09,0.93,408.76,412.26,1870.79,331.88,1.1,2019,37086.566,9008.441,2819.104,4887.178,1615.727,14702.956,12325.908,7574.056,52571.34,20956.146,7811293699.0,122149370355621.0,9,716,0.0,412.31,7.920000000000073,1863.1720833333331,-95.15794871794871,0,41105.825
2019-09,0.93,408.76,412.26,1870.79,331.93,1.1,2019,37086.566,9008.441,2819.104,4887.178,1615.727,14702.956,12325.908,7574.056,52571.34,20956.146,7811293699.0,122149370355621.0,9,716,0.0,412.02500000000003,0.0,1863.54625,-95.15794871794871,0,41105.825
2019-10,1.0,408.74,412.09,1873.105,332.005,0.4,2019,37086.566,9008.441,2819.104,4887.178,1615.727,14702.956,12325.908,7574.056,52571.34,20956.146,7811293699.0,122149370355621.0,10,717,-0.01999999999998181,411.625,2.3150000000000546,1864.1537499999997,-95.8579487179487,0,41105.825
2019-11,0.99,410.47,412.5,1875.42,332.08,0.5,2019,37086.566,9008.441,2819.104,4887.178,1615.727,14702.956,12325.908,7574.056,52571.34,20956.146,7811293699.0,122149370355621.0,11,718,1.7300000000000182,411.2591666666667,2.3150000000000546,1864.9945833333334,-95.75794871794871,0,41105.825
2019-11,0.99,410.47,412.5,1875.42,332.26,0.5,2019,37086.566,9008.441,2819.104,4887.178,1615.727,14702.956,12325.908,7574.056,52571.34,20956.146,7811293699.0,122149370355621.0,11,718,0.0,410.89333333333326,0.0,1865.8354166666666,-95.75794871794871,0,41105.825
2019-11,0.99,410.47,412.5,1875.61,332.08,0.5,2019,37086.566,9008.441,2819.104,4887.178,1615.727,14702.956,12325.908,7574.056,52571.34,20956.146,7811293699.0,122149370355621.0,11,718,0.0,410.5275,0.1899999999998272,1866.9729166666666,-95.75794871794871,0,41105.825
2019-11,0.99,410.47,412.5,1875.61,332.26,0.5,2019,37086.566,9008.441,2819.104,4887.178,1615.727,14702.956,12325.908,7574.056,52571.34,20956.146,7811293699.0,122149370355621.0,11,718,0.0,410.1616666666667,0.0,1868.1104166666667,-95.75794871794871,0,41105.825
2019-12,1.11,411.97,412.71,1874.61,332.4,1.5,2019,37086.566,9008.441,2819.104,4887.178,1615.727,14702.956,12325.908,7574.056,52571.34,20956.146,7811293699.0,122149370355621.0,12,719,1.5,409.98,-1.0,1869.4470833333335,-94.75794871794871,0,41105.825
2020-01,1.18,413.59,413.22,1873.76,332.45,6.2,2020,35158.23,8903.343,2852.967,4516.54,1624.052,14267.035,10932.342,7520.82,50601.266,20032.188,7887001289.0,118590021803593.0,1,720,1.6199999999999477,410.1158333333333,-0.849999999999909,1870.7370833333332,-90.0579487179487,0,38860.789000000004
2020-02,1.24,414.32,413.4,1872.91,332.5,0.2,2020,35158.23,8903.343,2852.967,4516.54,1624.052,14267.035,10932.342,7520.82,50601.266,20032.188,7887001289.0,118590021803593.0,2,721,0.7300000000000182,410.46166666666664,-0.849999999999909,1871.9804166666665,-96.0579487179487,0,38860.789000000004
2020-03,1.18,414.72,413.35,1874.37,332.63,1.5,2020,35158.23,8903.343,2852.967,4516.54,1624.052,14267.035,10932.342,7520.82,50601.266,20032.188,7887001289.0,118590021803593.0,3,722,0.4000000000000341,410.9583333333334,1.459999999999809,1872.93875,-94.75794871794871,0,38860.789000000004
2020-03,1.18,414.72,413.35,1874.37,332.56,1.5,2020,35158.23,8903.343,2852.967,4516.54,1624.052,14267.035,10932.342,7520.82,50601.266,20032.188,7887001289.0,118590021803593.0,3,722,0.0,411.455,0.0,1873.8970833333333,-94.75794871794871,0,38860.789000000004
2020-03,1.18,414.72,413.35,1872.3,332.63,1.5,2020,35158.23,8903.343,2852.967,4516.54,1624.052,14267.035,10932.342,7520.82,50601.266,20032.188,7887001289.0,118590021803593.0,3,722,0.0,411.95166666666665,-2.0699999999999363,1874.0229166666668,-94.75794871794871,0,38860.789000000004
2020-03,1.18,414.72,413.35,1872.3,332.56,1.5,2020,35158.23,8903.343,2852.967,4516.54,1624.052,14267.035,10932.342,7520.82,50601.266,20032.188,7887001289.0,118590021803593.0,3,722,0.0,412.4483333333333,0.0,1874.14875,-94.75794871794871,0,38860.789000000004
2020-04,1.12,416.42,413.92,1874.04,332.635,5.2,2020,35158.23,8903.343,2852.967,4516.54,1624.052,14267.035,10932.342,7520.82,50601.266,20032.188,7887001289.0,118590021803593.0,4,723,1.6999999999999886,413.08833333333337,1.740000000000009,1874.2266666666667,-91.0579487179487,0,38860.789000000004
2020-05,0.99,417.28,413.98,1875.78,332.71,0.2,2020,35158.23,8903.343,2852.967,4516.54,1624.052,14267.035,10932.342,7520.82,50601.266,20032.188,7887001289.0,118590021803593.0,5,724,0.8599999999999568,413.6558333333333,1.740000000000009,1874.2566666666664,-96.0579487179487,0,38860.789000000004
2020-05,0.99,417.28,413.98,1875.78,332.78,0.2,2020,35158.23,8903.343,2852.967,4516.54,1624.052,14267.035,10932.342,7520.82,50601.266,20032.188,7887001289.0,118590021803593.0,5,724,0.0,414.22333333333336,0.0,1874.2866666666669,-96.0579487179487,0,38860.789000000004
2020-05,0.99,417.28,413.98,1874.41,332.71,0.2,2020,35158.23,8903.343,2852.967,4516.54,1624.052,14267.035,10932.342,7520.82,50601.266,20032.188,7887001289.0,118590021803593.0,5,724,0.0,414.7908333333333,-1.3699999999998909,1874.1866666666667,-96.0579487179487,0,38860.789000000004
2020-05,0.99,417.28,413.98,1874.41,332.78,0.2,2020,35158.23,8903.343,2852.967,4516.54,1624.052,14267.035,10932.342,7520.82,50601.266,20032.188,7887001289.0,118590021803593.0,5,724,0.0,415.35833333333335,0.0,1874.0866666666668,-96.0579487179487,0,38860.789000000004
2020-06,0.91,416.58,414.15,1871.97,332.88,5.8,2020,35158.23,8903.343,2852.967,4516.54,1624.052,14267.035,10932.342,7520.82,50601.266,20032.188,7887001289.0,118590021803593.0,6,725,-0.6999999999999886,415.7425,-2.4400000000000546,1873.8666666666666,-90.45794871794871,0,38860.789000000004
2020-07,0.89,414.58,414.19,1871.72,332.95,6.1,2020,35158.23,8903.343,2852.967,4516.54,1624.052,14267.035,10932.342,7520.82,50601.266,20032.188,7887001289.0,118590021803593.0,7,726,-2.0,415.825,-0.25,1873.6966666666667,-90.15794871794871,0,38860.789000000004
2020-08,0.86,412.75,414.6,1871.47,333.02,7.5,2020,35158.23,8903.343,2852.967,4516.54,1624.052,14267.035,10932.342,7520.82,50601.266,20032.188,7887001289.0,118590021803593.0,8,727,-1.829999999999984,415.69416666666666,-0.25,1873.5766666666668,-88.75794871794871,0,38860.789000000004
2020-09,0.96,411.5,414.9,1876.39,333.15,0.6,2020,35158.23,8903.343,2852.967,4516.54,1624.052,14267.035,10932.342,7520.82,50601.266,20032.188,7887001289.0,118590021803593.0,9,728,-1.25,415.4258333333333,4.920000000000073,1873.7450000000001,-95.65794871794871,0,38860.789000000004
2020-09,0.96,411.5,414.9,1876.39,333.26,0.6,2020,35158.23,8903.343,2852.967,4516.54,1624.052,14267.035,10932.342,7520.82,50601.266,20032.188,7887001289.0,118590021803593.0,9,728,0.0,415.1575,0.0,1873.9133333333332,-95.65794871794871,0,38860.789000000004
2020-09,0.96,411.5,414.9,1884.56,333.15,0.6,2020,35158.23,8903.343,2852.967,4516.54,1624.052,14267.035,10932.342,7520.82,50601.266,20032.188,7887001289.0,118590021803593.0,9,728,0.0,414.88916666666665,8.169999999999845,1874.9350000000002,-95.65794871794871,0,38860.789000000004
2020-09,0.96,411.5,414.9,1884.56,333.26,0.6,2020,35158.23,8903.343,2852.967,4516.54,1624.052,14267.035,10932.342,7520.82,50601.266,20032.188,7887001289.0,118590021803593.0,9,728,0.0,414.62083333333334,0.0,1875.9566666666667,-95.65794871794871,0,38860.789000000004
2020-10,0.87,411.49,414.79,1887.275,333.34000000000003,14.6,2020,35158.23,8903.343,2852.967,4516.54,1624.052,14267.035,10932.342,7520.82,50601.266,20032.188,7887001289.0,118590021803593.0,10,729,-0.009999999999990905,414.21,2.7150000000001455,1877.0595833333334,-81.65794871794871,0,38860.789000000004
2020-11,1.08,413.1,415.11,1889.99,333.42,34.5,2020,35158.23,8903.343,2852.967,4516.54,1624.052,14267.035,10932.342,7520.82,50601.266,20032.188,7887001289.0,118590021803593.0,11,730,1.6100000000000136,413.8616666666667,2.714999999999918,1878.2437500000003,-61.75794871794871,0,38860.789000000004
2020-11,1.08,413.1,415.11,1889.99,333.6,34.5,2020,35158.23,8903.343,2852.967,4516.54,1624.052,14267.035,10932.342,7520.82,50601.266,20032.188,7887001289.0,118590021803593.0,11,730,0.0,413.5133333333333,0.0,1879.4279166666668,-61.75794871794871,0,38860.789000000004
2020-11,1.08,413.1,415.11,1891.47,333.42,34.5,2020,35158.23,8903.343,2852.967,4516.54,1624.052,14267.035,10932.342,7520.82,50601.266,20032.188,7887001289.0,118590021803593.0,11,730,0.0,413.16499999999996,1.4800000000000182,1880.8495833333334,-61.75794871794871,0,38860.789000000004
2020-11,1.08,413.1,415.11,1891.47,333.6,34.5,2020,35158.23,8903.343,2852.967,4516.54,1624.052,14267.035,10932.342,7520.82,50601.266,20032.188,7887001289.0,118590021803593.0,11,730,0.0,412.81666666666666,0.0,1882.2712499999998,-61.75794871794871,0,38860.789000000004
2020-12,0.79,414.23,414.91,1890.97,333.76,23.1,2020,35158.23,8903.343,2852.967,4516.54,1624.052,14267.035,10932.342,7520.82,50601.266,20032.188,7887001289.0,118590021803593.0,12,731,1.1299999999999955,412.62083333333334,-0.5,1883.8545833333335,-73.1579487179487,0,38860.789000000004
2021-01,0.81,415.49,415.23,1889.795,333.82,10.4,2021,36866.863,9089.303,2895.432,4657.103,1666.885,14969.249,11513.166,7878.698,52639.844,20874.295,7954448387.0,126004793520756.0,1,732,1.259999999999991,412.69666666666666,-1.1749999999999545,1885.3608333333334,-85.8579487179487,0,40685.101
2021-02,0.64,416.72,415.8,1888.62,333.88,8.2,2021,36866.863,9089.303,2895.432,4657.103,1666.885,14969.249,11513.166,7878.698,52639.844,20874.295,7954448387.0,126004793520756.0,2,733,1.2300000000000182,413.0275,-1.175000000000182,1886.79,-88.0579487179487,0,40685.101
2021-03,0.89,417.61,416.17,1887.99,334.01,17.2,2021,36866.863,9089.303,2895.432,4657.103,1666.885,14969.249,11513.166,7878.698,52639.844,20874.295,7954448387.0,126004793520756.0,3,734,0.8899999999999864,413.5366666666667,-0.6299999999998818,1887.7566666666664,-79.0579487179487,0,40685.101
2021-03,0.89,417.61,416.17,1887.99,333.96,17.2,2021,36866.863,9089.303,2895.432,4657.103,1666.885,14969.249,11513.166,7878.698,52639.844,20874.295,7954448387.0,126004793520756.0,3,734,0.0,414.04583333333335,0.0,1888.7233333333334,-79.0579487179487,0,40685.101
2021-03,0.89,417.61,416.17,1886.66,333.96,17.2,2021,36866.863,9089.303,2895.432,4657.103,1666.885,14969.249,11513.166,7878.698,52639.844,20874.295,7954448387.0,126004793520756.0,3,734,0.0,414.555,-1.3299999999999272,1888.8983333333333,-79.0579487179487,0,40685.101
2021-03,0.89,417.61,416.17,1886.66,334.01,17.2,2021,36866.863,9089.303,2895.432,4657.103,1666.885,14969.249,11513.166,7878.698,52639.844,20874.295,7954448387.0,126004793520756.0,3,734,0.0,415.0641666666667,0.0,1889.0733333333335,-79.0579487179487,0,40685.101
2021-04,0.76,419.01,416.59,1888.73,334.03499999999997,24.5,2021,36866.863,9089.303,2895.432,4657.103,1666.885,14969.249,11513.166,7878.698,52639.844,20874.295,7954448387.0,126004793520756.0,4,735,1.3999999999999773,415.69083333333333,2.0699999999999363,1889.1945833333332,-71.75794871794871,0,40685.101
2021-05,0.79,419.09,415.88,1890.8,334.06,21.2,2021,36866.863,9089.303,2895.432,4657.103,1666.885,14969.249,11513.166,7878.698,52639.844,20874.295,7954448387.0,126004793520756.0,5,736,0.07999999999998408,416.19,2.0699999999999363,1889.2620833333333,-75.0579487179487,0,40685.101
2021-05,0.79,419.09,415.88,1890.8,334.1,21.2,2021,36866.863,9089.303,2895.432,4657.103,1666.885,14969.249,11513.166,7878.698,52639.844,20874.295,7954448387.0,126004793520756.0,5,736,0.0,416.6891666666667,0.0,1889.3295833333334,-75.0579487179487,0,40685.101
2021-05,0.79,419.09,415.88,1891.28,334.06,21.2,2021,36866.863,9089.303,2895.432,4657.103,1666.885,14969.249,11513.166,7878.698,52639.844,20874.295,7954448387.0,126004793520756.0,5,736,0.0,417.18833333333333,0.4800000000000182,1889.31375,-75.0579487179487,0,40685.101
2021-05,0.79,419.09,415.88,1891.28,334.1,21.2,2021,36866.863,9089.303,2895.432,4657.103,1666.885,14969.249,11513.166,7878.698,52639.844,20874.295,7954448387.0,126004793520756.0,5,736,0.0,417.6875,0.0,1889.2979166666667,-75.0579487179487,0,40685.101
2021-06,0.85,418.93,416.48,1888.08,334.12,25.0,2021,36866.863,9089.303,2895.432,4657.103,1666.885,14969.249,11513.166,7878.698,52639.844,20874.295,7954448387.0,126004793520756.0,6,737,-0.15999999999996817,418.07916666666665,-3.2000000000000455,1889.0570833333334,-71.25794871794871,0,40685.101
2021-07,0.92,416.9,416.48,1887.0349999999999,334.135,34.3,2021,36866.863,9089.303,2895.432,4657.103,1666.885,14969.249,11513.166,7878.698,52639.844,20874.295,7954448387.0,126004793520756.0,7,738,-2.0300000000000296,418.1966666666667,-1.0450000000000728,1888.8270833333333,-61.95794871794871,0,40685.101
2021-08,0.81,414.42,416.27,1885.99,334.15,22.0,2021,36866.863,9089.303,2895.432,4657.103,1666.885,14969.249,11513.166,7878.698,52639.844,20874.295,7954448387.0,126004793520756.0,8,739,-2.4799999999999613,418.00500000000005,-1.0449999999998454,1888.6079166666666,-74.25794871794871,0,40685.101
2021-09,0.92,413.26,416.63,1892.32,334.23,51.3,2021,36866.863,9089.303,2895.432,4657.103,1666.885,14969.249,11513.166,7878.698,52639.844,20874.295,7954448387.0,126004793520756.0,9,740,-1.160000000000025,417.6425,6.329999999999927,1888.96875,-44.95794871794871,0,40685.101
2021-09,0.92,413.26,416.63,1892.32,334.41,51.3,2021,36866.863,9089.303,2895.432,4657.103,1666.885,14969.249,11513.166,7878.698,52639.844,20874.295,7954448387.0,126004793520756.0,9,740,0.0,417.28,0.0,1889.3295833333332,-44.95794871794871,0,40685.101
2021-09,0.92,413.26,416.63,1902.43,334.23,51.3,2021,36866.863,9089.303,2895.432,4657.103,1666.885,14969.249,11513.166,7878.698,52639.844,20874.295,7954448387.0,126004793520756.0,9,740,0.0,416.9175,10.110000000000127,1890.64375,-44.95794871794871,0,40685.101
2021-09,0.92,413.26,416.63,1902.43,334.41,51.3,2021,36866.863,9089.303,2895.432,4657.103,1666.885,14969.249,11513.166,7878.698,52639.844,20874.295,7954448387.0,126004793520756.0,9,740,0.0,416.555,0.0,1891.9579166666665,-44.95794871794871,0,40685.101
2021-10,0.98,413.9,417.14,1905.83,334.52,37.4,2021,36866.863,9089.303,2895.432,4657.103,1666.885,14969.249,11513.166,7878.698,52639.844,20874.295,7954448387.0,126004793520756.0,10,741,0.6399999999999864,416.12916666666666,3.3999999999998636,1893.3829166666667,-58.85794871794871,0,40685.101
2021-11,0.92,414.97,416.92,1909.23,334.63,34.8,2021,36866.863,9089.303,2895.432,4657.103,1666.885,14969.249,11513.166,7878.698,52639.844,20874.295,7954448387.0,126004793520756.0,11,742,1.07000000000005,415.78583333333336,3.400000000000091,1894.91875,-61.45794871794871,0,40685.101
2021-11,0.92,414.97,416.92,1909.23,334.85,34.8,2021,36866.863,9089.303,2895.432,4657.103,1666.885,14969.249,11513.166,7878.698,52639.844,20874.295,7954448387.0,126004793520756.0,11,742,0.0,415.44249999999994,0.0,1896.4545833333332,-61.45794871794871,0,40685.101
2021-11,0.92,414.97,416.92,1907.92,334.63,34.8,2021,36866.863,9089.303,2895.432,4657.103,1666.885,14969.249,11513.166,7878.698,52639.844,20874.295,7954448387.0,126004793520756.0,11,742,0.0,415.09916666666663,-1.3099999999999454,1897.8412500000002,-61.45794871794871,0,40685.101
2021-11,0.92,414.97,416.92,1907.92,334.85,34.8,2021,36866.863,9089.303,2895.432,4657.103,1666.885,14969.249,11513.166,7878.698,52639.844,20874.295,7954448387.0,126004793520756.0,11,742,0.0,414.7558333333333,0.0,1899.2279166666667,-61.45794871794871,0,40685.101
2021-12,0.87,416.67,417.37,1907.95,335.05,67.5,2021,36866.863,9089.303,2895.432,4657.103,1666.885,14969.249,11513.166,7878.698,52639.844,20874.295,7954448387.0,126004793520756.0,12,743,1.6999999999999886,414.56750000000005,0.029999999999972715,1900.88375,-28.757948717948707,0,40685.101
2022-01,0.91,418.13,417.86,1907.1399999999999,335.135,55.3,2022,37527.773,9278.556,2881.229,4785.392,1578.739,15449.177,11914.912,7758.746,53515.586,21076.293,8021407196.0,130112562171125.0,1,744,1.4599999999999795,414.67,-0.8100000000001728,1902.5591666666667,-40.95794871794871,0,41486.966
2022-02,0.89,419.24,418.32,1906.33,335.22,60.9,2022,37527.773,9278.556,2881.229,4785.392,1578.739,15449.177,11914.912,7758.746,53515.586,21076.293,8021407196.0,130112562171125.0,2,745,1.1100000000000136,415.07166666666666,-0.8099999999999454,1904.2541666666668,-35.35794871794871,0,41486.966
2022-03,1.04,418.76,417.31,1906.42,335.31,78.6,2022,37527.773,9278.556,2881.229,4785.392,1578.739,15449.177,11914.912,7758.746,53515.586,21076.293,8021407196.0,130112562171125.0,3,746,-0.4800000000000182,415.53000000000003,0.09000000000014552,1905.4291666666668,-17.657948717948713,0,41486.966
2022-03,1.04,418.76,417.31,1906.42,335.38,78.6,2022,37527.773,9278.556,2881.229,4785.392,1578.739,15449.177,11914.912,7758.746,53515.586,21076.293,8021407196.0,130112562171125.0,3,746,0.0,415.9883333333334,0.0,1906.6041666666667,-17.657948717948713,0,41486.966
2022-03,1.04,418.76,417.31,1907.77,335.31,78.6,2022,37527.773,9278.556,2881.229,4785.392,1578.739,15449.177,11914.912,7758.746,53515.586,21076.293,8021407196.0,130112562171125.0,3,746,0.0,416.44666666666666,1.349999999999909,1907.0491666666667,-17.657948717948713,0,41486.966
2022-03,1.04,418.76,417.31,1907.77,335.38,78.6,2022,37527.773,9278.556,2881.229,4785.392,1578.739,15449.177,11914.912,7758.746,53515.586,21076.293,8021407196.0,130112562171125.0,3,746,0.0,416.905,0.0,1907.4941666666666,-17.657948717948713,0,41486.966
2022-04,0.83,420.19,417.67,1908.3049999999998,335.405,84.0,2022,37527.773,9278.556,2881.229,4785.392,1578.739,15449.177,11914.912,7758.746,53515.586,21076.293,8021407196.0,130112562171125.0,4,747,1.4300000000000068,417.4291666666666,0.5349999999998545,1907.7004166666666,-12.257948717948707,0,41486.966
2022-05,0.84,420.97,417.7,1908.84,335.43,96.5,2022,37527.773,9278.556,2881.229,4785.392,1578.739,15449.177,11914.912,7758.746,53515.586,21076.293,8021407196.0,130112562171125.0,5,748,0.7800000000000296,417.9291666666666,0.5350000000000819,1907.6679166666665,0.24205128205129256,0,41486.966
2022-05,0.84,420.97,417.7,1908.84,335.45,96.5,2022,37527.773,9278.556,2881.229,4785.392,1578.739,15449.177,11914.912,7758.746,53515.586,21076.293,8021407196.0,130112562171125.0,5,748,0.0,418.42916666666673,0.0,1907.6354166666667,0.24205128205129256,0,41486.966
2022-05,0.84,420.97,417.7,1907.49,335.43,96.5,2022,37527.773,9278.556,2881.229,4785.392,1578.739,15449.177,11914.912,7758.746,53515.586,21076.293,8021407196.0,130112562171125.0,5,748,0.0,418.92916666666673,-1.349999999999909,1907.5995833333334,0.24205128205129256,0,41486.966
2022-05,0.84,420.97,417.7,1907.49,335.45,96.5,2022,37527.773,9278.556,2881.229,4785.392,1578.739,15449.177,11914.912,7758.746,53515.586,21076.293,8021407196.0,130112562171125.0,5,748,0.0,419.4291666666666,0.0,1907.56375,0.24205128205129256,0,41486.966
2022-06,0.92,420.94,418.47,1904.83,335.47,70.3,2022,37527.773,9278.556,2881.229,4785.392,1578.739,15449.177,11914.912,7758.746,53515.586,21076.293,8021407196.0,130112562171125.0,6,749,-0.03000000000002956,419.785,-2.660000000000082,1907.30375,-25.95794871794871,0,41486.966
2022-07,0.94,418.85,418.41,1904.415,335.505,91.4,2022,37527.773,9278.556,2881.229,4785.392,1578.739,15449.177,11914.912,7758.746,53515.586,21076.293,8021407196.0,130112562171125.0,7,750,-2.089999999999975,419.845,-0.4149999999999636,1907.0766666666666,-4.857948717948702,0,41486.966
2022-08,0.94,417.15,419.03,1904.0,335.54,74.6,2022,37527.773,9278.556,2881.229,4785.392,1578.739,15449.177,11914.912,7758.746,53515.586,21076.293,8021407196.0,130112562171125.0,8,751,-1.7000000000000455,419.67083333333335,-0.4149999999999636,1906.8824999999997,-21.657948717948713,0,41486.966
2022-09,0.88,415.91,419.3,1915.03,335.75,96.0,2022,37527.773,9278.556,2881.229,4785.392,1578.739,15449.177,11914.912,7758.746,53515.586,21076.293,8021407196.0,130112562171125.0,9,752,-1.2399999999999523,419.43333333333334,11.029999999999973,1907.6000000000001,-0.25794871794870744,0,41486.966
2022-09,0.88,415.91,419.3,1915.03,335.63,96.0,2022,37527.773,9278.556,2881.229,4785.392,1578.739,15449.177,11914.912,7758.746,53515.586,21076.293,8021407196.0,130112562171125.0,9,752,0.0,419.19583333333327,0.0,1908.3174999999999,-0.25794871794870744,0,41486.966
2022-09,0.88,415.91,419.3,1908.32,335.63,96.0,2022,37527.773,9278.556,2881.229,4785.392,1578.739,15449.177,11914.912,7758.746,53515.586,21076.293,8021407196.0,130112562171125.0,9,752,0.0,418.9583333333333,-6.710000000000036,1908.3633333333335,-0.25794871794870744,0,41486.966
2022-09,0.88,415.91,419.3,1908.32,335.75,96.0,2022,37527.773,9278.556,2881.229,4785.392,1578.739,15449.177,11914.912,7758.746,53515.586,21076.293,8021407196.0,130112562171125.0,9,752,0.0,418.72083333333336,0.0,1908.4091666666666,-0.25794871794870744,0,41486.966
2022-10,0.97,415.74,418.97,1913.8899999999999,335.83500000000004,95.5,2022,37527.773,9278.556,2881.229,4785.392,1578.739,15449.177,11914.912,7758.746,53515.586,21076.293,8021407196.0,130112562171125.0,10,753,-0.17000000000001592,418.3500000000001,5.569999999999936,1908.8745833333332,-0.7579487179487074,0,41486.966
2022-11,0.73,417.47,419.51,1919.46,335.92,80.5,2022,37527.773,9278.556,2881.229,4785.392,1578.739,15449.177,11914.912,7758.746,53515.586,21076.293,8021407196.0,130112562171125.0,11,754,1.7300000000000182,418.0583333333334,5.570000000000164,1909.7595833333332,-15.757948717948707,0,41486.966
2022-11,0.73,417.47,419.51,1919.46,336.12,80.5,2022,37527.773,9278.556,2881.229,4785.392,1578.739,15449.177,11914.912,7758.746,53515.586,21076.293,8021407196.0,130112562171125.0,11,754,0.0,417.76666666666665,0.0,1910.6445833333335,-15.757948717948707,0,41486.966
2022-11,0.73,417.47,419.51,1922.21,335.92,80.5,2022,37527.773,9278.556,2881.229,4785.392,1578.739,15449.177,11914.912,7758.746,53515.586,21076.293,8021407196.0,130112562171125.0,11,754,0.0,417.47499999999997,2.75,1911.87125,-15.757948717948707,0,41486.966
2022-11,0.73,417.47,419.51,1922.21,336.12,80.5,2022,37527.773,9278.556,2881.229,4785.392,1578.739,15449.177,11914.912,7758.746,53515.586,21076.293,8021407196.0,130112562171125.0,11,754,0.0,417.18333333333334,0.0,1913.0979166666666,-15.757948717948707,0,41486.966
2022-12,0.79,418.99,419.79,1922.02,336.29,112.8,2022,37527.773,9278.556,2881.229,4785.392,1578.739,15449.177,11914.912,7758.746,53515.586,21076.293,8021407196.0,130112562171125.0,12,755,1.5199999999999818,417.0208333333333,-0.19000000000005457,1914.5304166666665,16.54205128205129,0,41486.966
2023-01,0.87,419.47,419.21,1920.96,336.35,144.4,2023,38094.039,9416.93,2911.154,4745.551,1540.286,15636.373,12278.241,7802.845,54092.184,21285.768,8091734933.0,130112562171125.0,1,756,0.4800000000000182,417.0725,-1.0599999999999454,1915.9091666666666,48.1420512820513,0,42003.296
2023-02,0.96,420.31,419.43,1919.9,336.41,111.3,2023,38094.039,9416.93,2911.154,4745.551,1540.286,15636.373,12278.241,7802.845,54092.184,21285.768,8091734933.0,130112562171125.0,2,757,0.839999999999975,417.33583333333337,-1.0599999999999454,1917.2341666666669,15.04205128205129,0,42003.296
2023-03,1.23,420.99,419.54,1918.93,336.49,123.3,2023,38094.039,9416.93,2911.154,4745.551,1540.286,15636.373,12278.241,7802.845,54092.184,21285.768,8091734933.0,130112562171125.0,3,758,0.6800000000000068,417.7591666666667,-0.9700000000000273,1917.5591666666667,27.04205128205129,0,42003.296
2023-03,1.23,420.99,419.54,1918.93,336.53,123.3,2023,38094.039,9416.93,2911.154,4745.551,1540.286,15636.373,12278.241,7802.845,54092.184,21285.768,8091734933.0,130112562171125.0,3,758,0.0,418.18250000000006,0.0,1917.8841666666667,27.04205128205129,0,42003.296
2023-03,1.23,420.99,419.54,1918.73,336.49,123.3,2023,38094.039,9416.93,2911.154,4745.551,1540.286,15636.373,12278.241,7802.845,54092.184,21285.768,8091734933.0,130112562171125.0,3,758,0.0,418.60583333333335,-0.20000000000004547,1918.7516666666668,27.04205128205129,0,42003.296
2023-03,1.23,420.99,419.54,1918.73,336.53,123.3,2023,38094.039,9416.93,2911.154,4745.551,1540.286,15636.373,12278.241,7802.845,54092.184,21285.768,8091734933.0,130112562171125.0,3,758,0.0,419.0291666666667,0.0,1919.6191666666666,27.04205128205129,0,42003.296
2023-04,0.99,423.31,420.8,1918.925,336.53499999999997,97.6,2023,38094.039,9416.93,2911.154,4745.551,1540.286,15636.373,12278.241,7802.845,54092.184,21285.768,8091734933.0,130112562171125.0,4,759,2.319999999999993,419.66,0.19499999999993634,1920.03875,1.3420512820512869,0,42003.296
2023-05,0.94,424.0,420.76,1919.12,336.54,137.4,2023,38094.039,9416.93,2911.154,4745.551,1540.286,15636.373,12278.241,7802.845,54092.184,21285.768,8091734933.0,130112562171125.0,5,760,0.6899999999999977,420.20416666666665,0.19499999999993634,1920.0104166666667,41.1420512820513,0,42003.296
2023-05,0.94,424.0,420.76,1919.12,336.54,137.4,2023,38094.039,9416.93,2911.154,4745.551,1540.286,15636.373,12278.241,7802.845,54092.184,21285.768,8091734933.0,130112562171125.0,5,760,0.0,420.7483333333334,0.0,1919.9820833333333,41.1420512820513,0,42003.296
2023-05,0.94,424.0,420.76,1919.7,336.54,137.4,2023,38094.039,9416.93,2911.154,4745.551,1540.286,15636.373,12278.241,7802.845,54092.184,21285.768,8091734933.0,130112562171125.0,5,760,0.0,421.2925,0.5800000000001546,1919.7729166666668,41.1420512820513,0,42003.296
2023-05,0.94,424.0,420.76,1919.7,336.54,137.4,2023,38094.039,9416.93,2911.154,4745.551,1540.286,15636.373,12278.241,7802.845,54092.184,21285.768,8091734933.0,130112562171125.0,5,760,0.0,421.83666666666664,0.0,1919.56375,41.1420512820513,0,42003.296
2023-06,1.08,423.68,421.23,1915.05,336.56,160.5,2023,38094.039,9416.93,2911.154,4745.551,1540.286,15636.373,12278.241,7802.845,54092.184,21285.768,8091734933.0,130112562171125.0,6,761,-0.3199999999999932,422.2275,-4.650000000000091,1918.9829166666668,64.24205128205129,0,42003.296
2023-07,1.19,421.83,421.41,1913.995,336.58000000000004,160.0,2023,38094.039,9416.93,2911.154,4745.551,1540.286,15636.373,12278.241,7802.845,54092.184,21285.768,8091734933.0,130112562171125.0,7,762,-1.8500000000000227,422.4241666666667,-1.0550000000000637,1918.4025000000001,63.74205128205129,0,42003.296
2023-08,1.19,419.68,421.57,1912.94,336.6,114.8,2023,38094.039,9416.93,2911.154,4745.551,1540.286,15636.373,12278.241,7802.845,54092.184,21285.768,8091734933.0,130112562171125.0,8,763,-2.1499999999999773,422.3716666666667,-1.0549999999998363,1917.8225,18.54205128205129,0,42003.296
2023-09,1.48,418.5,421.9,1916.7,336.65,134.2,2023,38094.039,9416.93,2911.154,4745.551,1540.286,15636.373,12278.241,7802.845,54092.184,21285.768,8091734933.0,130112562171125.0,9,764,-1.1800000000000068,422.16416666666663,3.759999999999991,1917.6366666666665,37.94205128205128,0,42003.296
2023-09,1.48,418.5,421.9,1916.7,336.73,134.2,2023,38094.039,9416.93,2911.154,4745.551,1540.286,15636.373,12278.241,7802.845,54092.184,21285.768,8091734933.0,130112562171125.0,9,764,0.0,421.95666666666665,0.0,1917.4508333333333,37.94205128205128,0,42003.296
2023-09,1.48,418.5,421.9,1924.38,336.65,134.2,2023,38094.039,9416.93,2911.154,4745.551,1540.286,15636.373,12278.241,7802.845,54092.184,21285.768,8091734933.0,130112562171125.0,9,764,0.0,421.74916666666667,7.680000000000064,1917.9216666666669,37.94205128205128,0,42003.296
2023-09,1.48,418.5,421.9,1924.38,336.73,134.2,2023,38094.039,9416.93,2911.154,4745.551,1540.286,15636.373,12278.241,7802.845,54092.184,21285.768,8091734933.0,130112562171125.0,9,764,0.0,421.5416666666667,0.0,1918.3925,37.94205128205128,0,42003.296
2023-10,1.34,418.82,422.05,1927.245,336.81,99.9,2023,38094.039,9416.93,2911.154,4745.551,1540.286,15636.373,12278.241,7802.845,54092.184,21285.768,8091734933.0,130112562171125.0,10,765,0.3199999999999932,421.1675,2.8649999999997817,1919.0858333333335,3.6420512820512982,0,42003.296
2023-11,1.4,420.46,422.44,1930.11,336.89,107.1,2023,38094.039,9416.93,2911.154,4745.551,1540.286,15636.373,12278.241,7802.845,54092.184,21285.768,8091734933.0,130112562171125.0,11,766,1.6399999999999864,420.8725,2.865000000000009,1920.0016666666663,10.842051282051287,0,42003.296
2023-11,1.4,420.46,422.44,1930.11,337.09,107.1,2023,38094.039,9416.93,2911.154,4745.551,1540.286,15636.373,12278.241,7802.845,54092.184,21285.768,8091734933.0,130112562171125.0,11,766,0.0,420.57750000000004,0.0,1920.9174999999998,10.842051282051287,0,42003.296
2023-11,1.4,420.46,422.44,1931.55,336.89,107.1,2023,38094.039,9416.93,2911.154,4745.551,1540.286,15636.373,12278.241,7802.845,54092.184,21285.768,8091734933.0,130112562171125.0,11,766,0.0,420.2825,1.4400000000000546,1921.9049999999997,10.842051282051287,0,42003.296
2023-11,1.4,420.46,422.44,1931.55,337.09,107.1,2023,38094.039,9416.93,2911.154,4745.551,1540.286,15636.373,12278.241,7802.845,54092.184,21285.768,8091734933.0,130112562171125.0,11,766,0.0,419.9875,0.0,1922.8925000000002,10.842051282051287,0,42003.296
2023-12,1.35,421.86,422.58,1931.15,337.3,113.5,2023,38094.039,9416.93,2911.154,4745.551,1540.286,15636.373,12278.241,7802.845,54092.184,21285.768,8091734933.0,130112562171125.0,12,767,1.400000000000034,419.8358333333333,-0.3999999999998636,1924.2341666666664,17.242051282051293,0,42003.296
2024-01,1.25,422.8,422.55,1929.685,337.38,126.0,2024,38598.578,9498.914,2935.779,4585.508,1472.818,15805.254,12470.596,8009.828,54433.398,21653.723,8161972574.0,130112562171125.0,1,768,0.9399999999999977,419.9166666666667,-1.4650000000001455,1925.5416666666667,29.742051282051293,0,42344.004
2024-02,1.43,424.55,423.67,1928.22,337.46,123.0,2024,38598.578,9498.914,2935.779,4585.508,1472.818,15805.254,12470.596,8009.828,54433.398,21653.723,8161972574.0,130112562171125.0,2,769,1.75,420.3225,-1.4649999999999181,1926.8150000000003,26.742051282051293,0,42344.004
2024-03,1.39,425.38,423.94,1925.73,337.54,103.7,2024,38598.578,9498.914,2935.779,4585.508,1472.818,15805.254,12470.596,8009.828,54433.398,21653.723,8161972574.0,130112562171125.0,3,770,0.8299999999999841,420.8958333333333,-2.490000000000009,1927.5675,7.442051282051295,0,42344.004
2024-03,1.39,425.38,423.94,1925.73,337.57,103.7,2024,38598.578,9498.914,2935.779,4585.508,1472.818,15805.254,12470.596,8009.828,54433.398,21653.723,8161972574.0,130112562171125.0,3,770,0.0,421.4691666666667,0.0,1928.32,7.442051282051295,0,42344.004
2024-03,1.39,425.38,423.94,1927.15,337.54,103.7,2024,38598.578,9498.914,2935.779,4585.508,1472.818,15805.254,12470.596,8009.828,54433.398,21653.723,8161972574.0,130112562171125.0,3,770,0.0,422.04249999999996,1.4200000000000728,1928.550833333333,7.442051282051295,0,42344.004
2024-03,1.39,425.38,423.94,1927.15,337.57,103.7,2024,38598.578,9498.914,2935.779,4585.508,1472.818,15805.254,12470.596,8009.828,54433.398,21653.723,8161972574.0,130112562171125.0,3,770,0.0,422.61583333333334,0.0,1928.7816666666668,7.442051282051295,0,42344.004
2024-04,1.31,426.51,424.0,1927.85,337.58500000000004,137.0,2024,38598.578,9498.914,2935.779,4585.508,1472.818,15805.254,12470.596,8009.828,54433.398,21653.723,8161972574.0,130112562171125.0,4,771,1.1299999999999955,423.25666666666666,0.6999999999998181,1928.832083333333,40.74205128205129,0,42344.004
2024-05,1.16,426.9,423.65,1928.55,337.6,172.1,2024,38598.578,9498.914,2935.779,4585.508,1472.818,15805.254,12470.596,8009.828,54433.398,21653.723,8161972574.0,130112562171125.0,5,772,0.38999999999998636,423.7933333333333,0.7000000000000455,1928.7020833333336,75.84205128205129,0,42344.004
2024-05,1.16,426.9,423.65,1928.55,337.66,172.1,2024,38598.578,9498.914,2935.779,4585.508,1472.818,15805.254,12470.596,8009.828,54433.398,21653.723,8161972574.0,130112562171125.0,5,772,0.0,424.33,0.0,1928.5720833333335,75.84205128205129,0,42344.004
2024-05,1.16,426.9,423.65,1925.56,337.6,172.1,2024,38598.578,9498.914,2935.779,4585.508,1472.818,15805.254,12470.596,8009.828,54433.398,21653.723,8161972574.0,130112562171125.0,5,772,0.0,424.8666666666666,-2.990000000000009,1928.0729166666667,75.84205128205129,0,42344.004
2024-05,1.16,426.9,423.65,1925.56,337.66,172.1,2024,38598.578,9498.914,2935.779,4585.508,1472.818,15805.254,12470.596,8009.828,54433.398,21653.723,8161972574.0,130112562171125.0,5,772,0.0,425.40333333333325,0.0,1927.5737499999998,75.84205128205129,0,42344.004
2024-06,1.24,426.91,424.46,1921.35,337.69,164.1,2024,38598.578,9498.914,2935.779,4585.508,1472.818,15805.254,12470.596,8009.828,54433.398,21653.723,8161972574.0,130112562171125.0,6,773,0.010000000000047748,425.8241666666666,-4.210000000000036,1926.7570833333332,67.84205128205129,0,42344.004
2024-07,1.2,425.55,425.13,1920.87,337.675,196.8,2024,38598.578,9498.914,2935.779,4585.508,1472.818,15805.254,12470.596,8009.828,54433.398,21653.723,8161972574.0,130112562171125.0,7,774,-1.3600000000000136,426.0533333333333,-0.4800000000000182,1926.0225,100.5420512820513,0,42344.004
2024-08,1.3,422.99,424.88,1920.39,337.66,216.0,2024,38598.578,9498.914,2935.779,4585.508,1472.818,15805.254,12470.596,8009.828,54433.398,21653.723,8161972574.0,130112562171125.0,8,775,-2.5600000000000023,425.92333333333335,-0.4799999999997908,1925.37,119.74205128205129,0,42344.004
2024-09,1.23,422.03,425.43,1934.31,337.67,141.1,2024,38598.578,9498.914,2935.779,4585.508,1472.818,15805.254,12470.596,8009.828,54433.398,21653.723,8161972574.0,130112562171125.0,9,776,-0.9600000000000364,425.6441666666667,13.919999999999845,1926.0849999999998,44.84205128205129,0,42344.004
2024-09,1.23,422.03,425.43,1934.31,337.62,141.1,2024,38598.578,9498.914,2935.779,4585.508,1472.818,15805.254,12470.596,8009.828,54433.398,21653.723,8161972574.0,130112562171125.0,9,776,0.0,425.365,0.0,1926.8,44.84205128205129,0,42344.004
2024-09,1.23,422.03,425.43,1924.85,337.62,141.1,2024,38598.578,9498.914,2935.779,4585.508,1472.818,15805.254,12470.596,8009.828,54433.398,21653.723,8161972574.0,130112562171125.0,9,776,0.0,425.0858333333333,-9.460000000000036,1926.6083333333336,44.84205128205129,0,42344.004
2024-09,1.23,422.03,425.43,1924.85,337.67,141.1,2024,38598.578,9498.914,2935.779,4585.508,1472.818,15805.254,12470.596,8009.828,54433.398,21653.723,8161972574.0,130112562171125.0,9,776,0.0,424.8066666666667,0.0,1926.4166666666667,44.84205128205129,0,42344.004
2024-10,1.34,422.38,425.61,1932.8,337.76,165.8,2024,38598.578,9498.914,2935.779,4585.508,1472.818,15805.254,12470.596,8009.828,54433.398,21653.723,8161972574.0,130112562171125.0,10,777,0.35000000000002274,424.4624999999999,7.9500000000000455,1926.8291666666667,69.5420512820513,0,42344.004
2024-11,1.29,423.85,425.83,1940.75,337.85,154.1,2024,38598.578,9498.914,2935.779,4585.508,1472.818,15805.254,12470.596,8009.828,54433.398,21653.723,8161972574.0,130112562171125.0,11,778,1.4700000000000273,424.2083333333333,7.9500000000000455,1927.845833333333,57.84205128205129,0,42344.004
2024-11,1.29,423.85,425.83,1940.75,338.08,154.1,2024,38598.578,9498.914,2935.779,4585.508,1472.818,15805.254,12470.596,8009.828,54433.398,21653.723,8161972574.0,130112562171125.0,11,778,0.0,423.95416666666665,0.0,1928.8625,57.84205128205129,0,42344.004
2024-11,1.29,423.85,425.83,1940.0,337.85,154.1,2024,38598.578,9498.914,2935.779,4585.508,1472.818,15805.254,12470.596,8009.828,54433.398,21653.723,8161972574.0,130112562171125.0,11,778,0.0,423.7,-0.75,1930.0658333333333,57.84205128205129,0,42344.004
2024-11,1.29,423.85,425.83,1940.0,338.08,154.1,2024,38598.578,9498.914,2935.779,4585.508,1472.818,15805.254,12470.596,8009.828,54433.398,21653.723,8161972574.0,130112562171125.0,11,778,0.0,423.4458333333334,0.0,1931.2691666666667,57.84205128205129,0,42344.004
2024-12,1.26,425.4,426.13,1937.41,338.29,154.6,2024,38598.578,9498.914,2935.779,4585.508,1472.818,15805.254,12470.596,8009.828,54433.398,21653.723,8161972574.0,130112562171125.0,12,779,1.5499999999999545,423.32,-2.589999999999918,1932.6075,58.34205128205129,0,42344.004
2025-01,1.37,426.65,426.4,1936.4,338.365,137.0,2025,38598.578,9498.914,2935.779,4585.508,1472.818,15805.254,12470.596,8009.828,54433.398,21653.723,8161972574.0,130112562171125.0,1,780,1.25,423.4116666666667,-1.009999999999991,1933.9016666666666,40.74205128205129,0,42344.004
2025-02,1.26,427.09,426.21,1935.39,338.44,155.7,2025,38598.578,9498.914,2935.779,4585.508,1472.818,15805.254,12470.596,8009.828,54433.398,21653.723,8161972574.0,130112562171125.0,2,781,0.4399999999999977,423.7533333333333,-1.009999999999991,1935.1516666666666,59.44205128205128,0,42344.004
2025-03,1.37,428.15,426.7,1933.64,338.53,134.2,2025,38598.578,9498.914,2935.779,4585.508,1472.818,15805.254,12470.596,8009.828,54433.398,21653.723,8161972574.0,130112562171125.0,3,782,1.0600000000000023,424.2633333333333,-1.75,1935.0958333333335,37.94205128205128,0,42344.004
2025-03,1.37,428.15,426.7,1933.64,338.6,134.2,2025,38598.578,9498.914,2935.779,4585.508,1472.818,15805.254,12470.596,8009.828,54433.398,21653.723,8161972574.0,130112562171125.0,3,782,0.0,424.7733333333333,0.0,1935.04,37.94205128205128,0,42344.004
2025-03,1.37,428.15,426.7,1933.83,338.53,134.2,2025,38598.578,9498.914,2935.779,4585.508,1472.818,15805.254,12470.596,8009.828,54433.398,21653.723,8161972574.0,130112562171125.0,3,782,0.0,425.28333333333336,0.1899999999998272,1935.7883333333332,37.94205128205128,0,42344.004
2025-03,1.37,428.15,426.7,1933.83,338.6,134.2,2025,38598.578,9498.914,2935.779,4585.508,1472.818,15805.254,12470.596,8009.828,54433.398,21653.723,8161972574.0,130112562171125.0,3,782,0.0,425.7933333333333,0.0,1936.5366666666666,37.94205128205128,0,42344.004
2025-04,1.24,429.64,427.13,1933.4299999999998,338.62,141.4,2025,38598.578,9498.914,2935.779,4585.508,1472.818,15805.254,12470.596,8009.828,54433.398,21653.723,8161972574.0,130112562171125.0,4,783,1.490000000000009,426.39833333333337,-0.40000000000009095,1936.5891666666666,45.1420512820513,0,42344.004
2025-05,1.08,430.51,427.26,1933.03,338.64,78.5,2025,38598.578,9498.914,2935.779,4585.508,1472.818,15805.254,12470.596,8009.828,54433.398,21653.723,8161972574.0,130112562171125.0,5,784,0.8700000000000045,426.9533333333333,-0.3999999999998636,1935.9458333333332,-17.757948717948707,0,42344.004
2025-05,1.08,430.51,427.26,1933.03,338.64,78.5,2025,38598.578,9498.914,2935.779,4585.508,1472.818,15805.254,12470.596,8009.828,54433.398,21653.723,8161972574.0,130112562171125.0,5,784,0.0,427.50833333333327,0.0,1935.3025,-17.757948717948707,0,42344.004
2025-05,1.08,430.51,427.26,1934.48,338.64,78.5,2025,38598.578,9498.914,2935.779,4585.508,1472.818,15805.254,12470.596,8009.828,54433.398,21653.723,8161972574.0,130112562171125.0,5,784,0.0,428.06333333333333,1.4500000000000455,1934.8425,-17.757948717948707,0,42344.004
2025-05,1.08,430.51,427.26,1934.48,338.64,78.5,2025,38598.578,9498.914,2935.779,4585.508,1472.818,15805.254,12470.596,8009.828,54433.398,21653.723,8161972574.0,130112562171125.0,5,784,0.0,428.61833333333334,0.0,1934.3825,-17.757948717948707,0,42344.004
2025-06,1.06,429.61,427.16,1928.79,338.67,114.6,2025,38598.578,9498.914,2935.779,4585.508,1472.818,15805.254,12470.596,8009.828,54433.398,21653.723,8161972574.0,130112562171125.0,6,785,-0.8999999999999773,428.9691666666667,-5.690000000000055,1933.6641666666667,18.342051282051287,0,42344.004
2025-07,1.02,427.87,427.45,1927.665,338.72,125.9,2025,38598.578,9498.914,2935.779,4585.508,1472.818,15805.254,12470.596,8009.828,54433.398,21653.723,8161972574.0,130112562171125.0,7,786,-1.740000000000009,429.07083333333327,-1.125,1932.93625,29.6420512820513,0,42344.004
2025-08,1.17,425.48,427.37,1926.54,338.77,133.7,2025,38598.578,9498.914,2935.779,4585.508,1472.818,15805.254,12470.596,8009.828,54433.398,21653.723,8161972574.0,130112562171125.0,8,787,-2.3899999999999864,428.9366666666667,-1.125,1932.1987499999998,37.44205128205128,0,42344.004
2025-09,1.25,424.37,427.77,1930.61,338.88,129.7,2025,38598.578,9498.914,2935.779,4585.508,1472.818,15805.254,12470.596,8009.828,54433.398,21653.723,8161972574.0,130112562171125.0,9,788,-1.1100000000000136,428.62166666666667,4.069999999999936,1931.94625,33.44205128205128,0,42344.004
2025-09,1.25,424.37,427.77,1930.61,338.99,129.7,2025,38598.578,9498.914,2935.779,4585.508,1472.818,15805.254,12470.596,8009.828,54433.398,21653.723,8161972574.0,130112562171125.0,9,788,0.0,428.3066666666667,0.0,1931.6937500000001,33.44205128205128,0,42344.004
2025-09,1.25,424.37,427.77,1939.45,338.88,129.7,2025,38598.578,9498.914,2935.779,4585.508,1472.818,15805.254,12470.596,8009.828,54433.398,21653.723,8161972574.0,130112562171125.0,9,788,0.0,427.9916666666666,8.840000000000146,1932.1620833333334,33.44205128205128,0,42344.004
2025-09,1.25,424.37,427.77,1939.45,338.99,129.7,2025,38598.578,9498.914,2935.779,4585.508,1472.818,15805.254,12470.596,8009.828,54433.398,21653.723,8161972574.0,130112562171125.0,9,788,0.0,427.6766666666667,0.0,1932.6304166666669,33.44205128205128,0,42344.004
2025-10,1.19,424.87,428.1,1942.65,339.1,114.6,2025,38598.578,9498.914,2935.779,4585.508,1472.818,15805.254,12470.596,8009.828,54433.398,21653.723,8161972574.0,130112562171125.0,10,789,0.5,427.27916666666664,3.2000000000000455,1933.39875,18.342051282051287,0,42344.004
2025-11,1.21,426.46,428.43,1945.85,339.21,91.8,2025,38598.578,9498.914,2935.779,4585.508,1472.818,15805.254,12470.596,8009.828,54433.398,21653.723,8161972574.0,130112562171125.0,11,790,1.589999999999975,426.94166666666666,3.199999999999818,1934.4670833333332,-4.45794871794871,0,42344.004
2025-11,1.21,426.46,428.43,1945.85,339.46,91.8,2025,38598.578,9498.914,2935.779,4585.508,1472.818,15805.254,12470.596,8009.828,54433.398,21653.723,8161972574.0,130112562171125.0,11,790,0.0,426.6041666666667,0.0,1935.5354166666666,-4.45794871794871,0,42344.004
2025-11,1.21,426.46,428.43,1946.16,339.21,91.8,2025,38598.578,9498.914,2935.779,4585.508,1472.818,15805.254,12470.596,8009.828,54433.398,21653.723,8161972574.0,130112562171125.0,11,790,0.0,426.26666666666665,0.3100000000001728,1936.50875,-4.45794871794871,0,42344.004
2025-11,1.21,426.46,428.43,1946.16,339.46,91.8,2025,38598.578,9498.914,2935.779,4585.508,1472.818,15805.254,12470.596,8009.828,54433.398,21653.723,8161972574.0,130112562171125.0,11,790,0.0,425.9291666666666,0.0,1937.4820833333333,-4.45794871794871,0,42344.004
2025-12,1.07,427.49,428.21,1946.16,339.46,124.0,2025,38598.578,9498.914,2935.779,4585.508,1472.818,15805.254,12470.596,8009.828,54433.398,21653.723,8161972574.0,130112562171125.0,12,791,1.0300000000000296,425.7525,0.0,1938.9295833333333,27.742051282051293,0,42344.004
2026-01,1.08,428.62,428.37,1946.16,339.46,112.5,2026,38598.578,9498.914,2935.779,4585.508,1472.818,15805.254,12470.596,8009.828,54433.398,21653.723,8161972574.0,130112562171125.0,1,792,1.1299999999999955,425.815,0.0,1940.470833333333,16.242051282051293,0,42344.004
2026-02,1.24,429.35,428.47,1946.16,339.46,78.2,2026,38598.578,9498.914,2935.779,4585.508,1472.818,15805.254,12470.596,8009.828,54433.398,21653.723,8161972574.0,130112562171125.0,2,793,0.7300000000000182,426.1375,0.0,1942.1058333333333,-18.057948717948705,0,42344.004
